{"married_females": [3611369.0, 3861089.0, 4034138.0], "dwelling_owned_outright": [2478266.0, 2539432.0, 2618933.0], "semi_or_townhouse": [658858.0, 765978.0, 765978.0], "median_age": [37.0, 37.0, 38.0], "dwelling_owned_outright_percent": [32.625153004496205, 31.034669446561068, 29.553649483847373], "percent_notmarried_males": [39.34184494789282, 39.96734663707719, 40.56950217710908], "female": [10056044.0, 10873706.0, 11855248.0], "median_mortgage": [1300.0, 1800.0, 1755.0], "dwelling_rented_percent": [27.17087347301579, 28.711510388246232, 29.41481487081994], "persons_per_bedroom": [0.8, 0.8, 0.9], "percent_married_males": [51.682918730743644, 50.331445858525406, 48.77642817876185], "median_household_income": [1029.0, 1230.0, 1432.0], "percent_defacto_males": [8.975178043257216, 9.70120750439741, 10.654069644129072], "defacto_females": [626768.0, 746639.0, 885232.0], "total_indig_status_persons": [19855287.0, 21507719.0, 23401892.0], "dwelling_owned_mortgage": [2448209.0, 2723626.0, 2871413.0], "married_males": [3547330.0, 3785953.0, 3967003.0], "notmarried_females": [3088379.0, 3407035.0, 3725442.0], "languages": [[{"persons": 316894.0, "persons_percent": 1.5960182293008405, "label": "Italian"}, {"persons": 252227.0, "persons_percent": 1.2703266389450831, "label": "Greek"}, {"persons": 244558.0, "persons_percent": 1.2317021657757956, "label": "Cantonese"}, {"persons": 243662.0, "persons_percent": 1.2271895138055673, "label": "Arabic"}, {"persons": 220604.0, "persons_percent": 1.1110592357592213, "label": "Mandarin"}, {"persons": 194854.0, "persons_percent": 0.9813708560344658, "label": "Vietnamese"}, {"persons": 98002.0, "persons_percent": 0.4935813821275915, "label": "Spanish"}, {"persons": 75636.0, "persons_percent": 0.3809363218975379, "label": "German"}, {"persons": 70007.0, "persons_percent": 0.35258619026760984, "label": "Hindi"}, {"persons": 67833.0, "persons_percent": 0.34163696550948874, "label": "Macedonian"}, {"persons": 63617.0, "persons_percent": 0.3204033263281462, "label": "Croatian"}, {"persons": 55700.0, "persons_percent": 0.2805298155599564, "label": "Australian Indigenous Languages"}, {"persons": 54624.0, "persons_percent": 0.2751106040421375, "label": "Korean"}, {"persons": 53859.0, "persons_percent": 0.27125772596487774, "label": "Turkish"}, {"persons": 53391.0, "persons_percent": 0.2689006711411424, "label": "Polish"}, {"persons": 53284.0, "persons_percent": 0.26836177185451915, "label": "Tagalog"}, {"persons": 52530.0, "persons_percent": 0.26456429463850106, "label": "Serbian"}, {"persons": 43217.0, "persons_percent": 0.2176599109345536, "label": "French"}, {"persons": 42037.0, "persons_percent": 0.21171690945590463, "label": "Indonesian"}, {"persons": 39045.0, "persons_percent": 0.1966478751981777, "label": "Filipino"}, {"persons": 36503.0, "persons_percent": 0.18384523980942707, "label": "Russian"}, {"persons": 36185.0, "persons_percent": 0.1822436512753505, "label": "Dutch"}, {"persons": 35317.0, "persons_percent": 0.17787201967919175, "label": "Other Chinese"}, {"persons": 35111.0, "persons_percent": 0.1768345126413937, "label": "Japanese"}, {"persons": 32704.0, "persons_percent": 0.16471179691333598, "label": "Tamil"}, {"persons": 29056.0, "persons_percent": 0.1463388567488347, "label": "Sinhalese"}, {"persons": 28528.0, "persons_percent": 0.14367961540923585, "label": "Samoan"}, {"persons": 23643.0, "persons_percent": 0.11907659657601526, "label": "Thai"}, {"persons": 23164.0, "persons_percent": 0.11666414089103824, "label": "Punjabi"}, {"persons": 22843.0, "persons_percent": 0.11504744303116848, "label": "Persian (excluding Dari)"}, {"persons": 20220.0, "persons_percent": 0.10183685584600212, "label": "Bengali"}, {"persons": 19289.0, "persons_percent": 0.0971479284081867, "label": "Urdu"}, {"persons": 16809.0, "persons_percent": 0.08465755241916172, "label": "Afrikaans"}], [{"persons": 182149.0, "persons_percent": 0.7783515965290329, "label": "Mandarin"}, {"persons": 155404.0, "persons_percent": 0.6640659652646889, "label": "Italian"}, {"persons": 139946.0, "persons_percent": 0.5980114770207469, "label": "Arabic"}, {"persons": 139884.0, "persons_percent": 0.5977465411770979, "label": "Cantonese"}, {"persons": 128753.0, "persons_percent": 0.5501820109245867, "label": "Greek"}, {"persons": 122300.0, "persons_percent": 0.5226073173912605, "label": "Vietnamese"}, {"persons": 61658.0, "persons_percent": 0.2634744233500437, "label": "Spanish"}, {"persons": 53430.0, "persons_percent": 0.22831487300257602, "label": "Hindi"}, {"persons": 47920.0, "persons_percent": 0.20476976818797388, "label": "Tagalog"}, {"persons": 43488.0, "persons_percent": 0.1858311285258474, "label": "German"}, {"persons": 41929.0, "persons_percent": 0.1791692740057086, "label": "Korean"}, {"persons": 34539.0, "persons_percent": 0.1475906307062694, "label": "Macedonian"}, {"persons": 33012.0, "persons_percent": 0.14106551726672356, "label": "Filipino"}, {"persons": 31937.0, "persons_percent": 0.13647187159055346, "label": "Australian Indigenous Languages"}, {"persons": 31675.0, "persons_percent": 0.1353523039931985, "label": "Croatian"}, {"persons": 30071.0, "persons_percent": 0.12849815732847583, "label": "French"}, {"persons": 29830.0, "persons_percent": 0.12746832606526, "label": "Indonesian"}, {"persons": 29725.0, "persons_percent": 0.12701964439456434, "label": "Turkish"}, {"persons": 29031.0, "persons_percent": 0.1240540722092043, "label": "Punjabi"}, {"persons": 28452.0, "persons_percent": 0.12157991328222521, "label": "Polish"}, {"persons": 27838.0, "persons_percent": 0.11895619379834758, "label": "Serbian"}, {"persons": 26921.0, "persons_percent": 0.11503770720760528, "label": "Other Chinese"}, {"persons": 25822.0, "persons_percent": 0.11034150572099043, "label": "Japanese"}, {"persons": 25060.0, "persons_percent": 0.10708535873937029, "label": "Russian"}, {"persons": 24410.0, "persons_percent": 0.10430780553982559, "label": "Tamil"}, {"persons": 24031.0, "persons_percent": 0.10268827836655259, "label": "Thai"}, {"persons": 23499.0, "persons_percent": 0.10041495790169444, "label": "Sinhalese"}, {"persons": 20519.0, "persons_percent": 0.08768094477147403, "label": "Dutch"}, {"persons": 18727.0, "persons_percent": 0.08002344425826766, "label": "Samoan"}, {"persons": 17613.0, "persons_percent": 0.07526314539012487, "label": "Afrikaans"}, {"persons": 16790.0, "persons_percent": 0.07174633572362439, "label": "Persian (excluding Dari)"}, {"persons": 16201.0, "persons_percent": 0.06922944520896003, "label": "Urdu"}, {"persons": 15968.0, "persons_percent": 0.06823379921589245, "label": "Bengali"}], [{"persons": 596711.0, "persons_percent": 0.7783515965290329, "label": "Mandarin"}, {"persons": 321728.0, "persons_percent": 0.5980114770207469, "label": "Arabic"}, {"persons": 280943.0, "persons_percent": 0.5977465411770979, "label": "Cantonese"}, {"persons": 277400.0, "persons_percent": 0.5226073173912605, "label": "Vietnamese"}, {"persons": 271597.0, "persons_percent": 0.6640659652646889, "label": "Italian"}, {"persons": 237588.0, "persons_percent": 0.5501820109245867, "label": "Greek"}, {"persons": 159652.0, "persons_percent": 0.22831487300257602, "label": "Hindi"}, {"persons": 140817.0, "persons_percent": 0.2634744233500437, "label": "Spanish"}, {"persons": 132496.0, "persons_percent": 0.1240540722092043, "label": "Punjabi"}, {"persons": 111273.0, "persons_percent": 0.20476976818797388, "label": "Tagalog"}, {"persons": 108997.0, "persons_percent": 0.1791692740057086, "label": "Korean"}, {"persons": 79353.0, "persons_percent": 0.1858311285258474, "label": "German"}, {"persons": 73161.0, "persons_percent": 0.10430780553982559, "label": "Tamil"}, {"persons": 71220.0, "persons_percent": 0.14106551726672356, "label": "Filipino"}, {"persons": 70873.0, "persons_percent": 0.12849815732847583, "label": "French"}, {"persons": 69293.0, "persons_percent": 0.06922944520896003, "label": "Urdu"}, {"persons": 67891.0, "persons_percent": 0.12746832606526, "label": "Indonesian"}, {"persons": 66019.0, "persons_percent": 0.1475906307062694, "label": "Macedonian"}, {"persons": 64762.0, "persons_percent": 0.13647187159055346, "label": "Australian Indigenous Languages"}, {"persons": 64612.0, "persons_percent": 0.10041495790169444, "label": "Sinhalese"}, {"persons": 58355.0, "persons_percent": 0.12701964439456434, "label": "Turkish"}, {"persons": 58313.0, "persons_percent": 0.07174633572362439, "label": "Persian (excluding Dari)"}, {"persons": 56885.0, "persons_percent": 0.1353523039931985, "label": "Croatian"}, {"persons": 55966.0, "persons_percent": 0.11034150572099043, "label": "Japanese"}, {"persons": 55444.0, "persons_percent": 0.10268827836655259, "label": "Thai"}, {"persons": 54566.0, "persons_percent": 0.06823379921589245, "label": "Bengali"}, {"persons": 53801.0, "persons_percent": 0.11895619379834758, "label": "Serbian"}, {"persons": 50314.0, "persons_percent": 0.10708535873937029, "label": "Russian"}, {"persons": 50284.0, "persons_percent": 0.11503770720760528, "label": "Other Chinese"}, {"persons": 48083.0, "persons_percent": 0.12157991328222521, "label": "Polish"}, {"persons": 44869.0, "persons_percent": 0.08002344425826766, "label": "Samoan"}, {"persons": 43741.0, "persons_percent": 0.07526314539012487, "label": "Afrikaans"}, {"persons": 33835.0, "persons_percent": 0.08768094477147403, "label": "Dutch"}]], "ancestries": [[{"persons": 7371823.0, "persons_percent": 37.12775846554119, "label": "Australian"}, {"persons": 6283647.0, "persons_percent": 31.64722323076972, "label": "English"}, {"persons": 1803736.0, "persons_percent": 9.084411622959667, "label": "Irish"}, {"persons": 1501200.0, "persons_percent": 7.560706626904964, "label": "Scottish"}, {"persons": 852421.0, "persons_percent": 4.293168867314786, "label": "Italian"}, {"persons": 811543.0, "persons_percent": 4.087289194056979, "label": "German"}, {"persons": 669901.0, "persons_percent": 3.3739174860579957, "label": "Chinese"}, {"persons": 365150.0, "persons_percent": 1.8390567711259977, "label": "Greek"}, {"persons": 310082.0, "persons_percent": 1.5617099868664703, "label": "Dutch"}, {"persons": 234720.0, "persons_percent": 1.1821536500580425, "label": "Indian"}, {"persons": 181753.0, "persons_percent": 0.9153884302956689, "label": "Lebanese"}, {"persons": 173666.0, "persons_percent": 0.874658724399199, "label": "Vietnamese"}, {"persons": 163802.0, "persons_percent": 0.8249792611912384, "label": "Polish"}, {"persons": 160683.0, "persons_percent": 0.809270598808267, "label": "New Zealander"}, {"persons": 160375.0, "persons_percent": 0.807719374693501, "label": "Filipino"}, {"persons": 153802.0, "persons_percent": 0.7746148418806538, "label": "Maltese"}, {"persons": 118049.0, "persons_percent": 0.5945469335195205, "label": "Croatian"}, {"persons": 115278.0, "persons_percent": 0.5805909529285576, "label": "Australian Aboriginal"}, {"persons": 113244.0, "persons_percent": 0.5703468300407846, "label": "Welsh"}, {"persons": 98333.0, "persons_percent": 0.49524844440677185, "label": "French"}, {"persons": 95362.0, "persons_percent": 0.48028517542959714, "label": "Serbian"}, {"persons": 92917.0, "persons_percent": 0.4679710749081592, "label": "Maori"}, {"persons": 84327.0, "persons_percent": 0.42470803872036705, "label": "Spanish"}, {"persons": 83983.0, "persons_percent": 0.4229755026960829, "label": "Macedonian"}, {"persons": 79518.0, "persons_percent": 0.4004877894739069, "label": "South African"}, {"persons": 73849.0, "persons_percent": 0.37193620016673645, "label": "Sinhalese(d)"}, {"persons": 67623.0, "persons_percent": 0.34057931270396646, "label": "Hungarian"}, {"persons": 67056.0, "persons_percent": 0.3377236501290563, "label": "Russian"}, {"persons": 60867.0, "persons_percent": 0.30655311101773547, "label": "Korean"}, {"persons": 59397.0, "persons_percent": 0.2991495413790795, "label": "Turkish"}], [{"persons": 7238533.0, "persons_percent": 33.6555122372577, "label": "English"}, {"persons": 7098486.0, "persons_percent": 33.004364619046775, "label": "Australian"}, {"persons": 2087758.0, "persons_percent": 9.70701728063306, "label": "Irish"}, {"persons": 1792622.0, "persons_percent": 8.334784362767618, "label": "Scottish"}, {"persons": 916121.0, "persons_percent": 4.259498647904039, "label": "Italian"}, {"persons": 898674.0, "persons_percent": 4.178378934558332, "label": "German"}, {"persons": 866208.0, "persons_percent": 4.027428478119878, "label": "Chinese"}, {"persons": 390894.0, "persons_percent": 1.8174591178171895, "label": "Indian"}, {"persons": 378270.0, "persons_percent": 1.7587639116914258, "label": "Greek"}, {"persons": 335493.0, "persons_percent": 1.5598725276260117, "label": "Dutch"}, {"persons": 224725.0, "persons_percent": 1.0448574300231466, "label": "Filipino"}, {"persons": 221114.0, "persons_percent": 1.0280681089426544, "label": "Vietnamese"}, {"persons": 203139.0, "persons_percent": 0.944493463021346, "label": "Lebanese"}, {"persons": 187212.0, "persons_percent": 0.870440979817525, "label": "New Zealander"}, {"persons": 170354.0, "persons_percent": 0.7920598181517994, "label": "Polish"}, {"persons": 163990.0, "persons_percent": 0.7624704414261688, "label": "Maltese"}, {"persons": 128430.0, "persons_percent": 0.5971344520541672, "label": "Maori"}, {"persons": 127668.0, "persons_percent": 0.5935915379961957, "label": "Australian Aboriginal"}, {"persons": 126270.0, "persons_percent": 0.5870915460630669, "label": "Croatian"}, {"persons": 125597.0, "persons_percent": 0.5839624369278769, "label": "Welsh"}, {"persons": 110399.0, "persons_percent": 0.5132994344960523, "label": "French"}, {"persons": 108955.0, "persons_percent": 0.5065855658612612, "label": "South African"}, {"persons": 93570.0, "persons_percent": 0.4350531081422442, "label": "Macedonian"}, {"persons": 92952.0, "persons_percent": 0.4321797211503461, "label": "Spanish"}, {"persons": 88973.0, "persons_percent": 0.41367938645655544, "label": "Korean"}, {"persons": 75136.0, "persons_percent": 0.3493443446978269, "label": "Sri Lankan(d)"}, {"persons": 74317.0, "persons_percent": 0.3455364095095347, "label": "Russian"}, {"persons": 69544.0, "persons_percent": 0.3233443769653119, "label": "Serbian"}, {"persons": 69160.0, "persons_percent": 0.32155897145578294, "label": "Hungarian"}, {"persons": 66919.0, "persons_percent": 0.31113945649001645, "label": "Turkish"}], [{"persons": 7852224.0, "persons_percent": 33.55379983806437, "label": "English"}, {"persons": 7298243.0, "persons_percent": 31.186551070315172, "label": "Australian"}, {"persons": 2388058.0, "persons_percent": 10.204550982459025, "label": "Irish"}, {"persons": 2023470.0, "persons_percent": 8.646608573358087, "label": "Scottish"}, {"persons": 1213903.0, "persons_percent": 5.187200248595285, "label": "Chinese"}, {"persons": 1000006.0, "persons_percent": 4.273184407482951, "label": "Italian"}, {"persons": 982226.0, "persons_percent": 4.197207644578481, "label": "German"}, {"persons": 619164.0, "persons_percent": 2.645786075758319, "label": "Indian"}, {"persons": 397431.0, "persons_percent": 1.6982857625357815, "label": "Greek"}, {"persons": 339549.0, "persons_percent": 1.4509467866957082, "label": "Dutch"}, {"persons": 304015.0, "persons_percent": 1.2991043630147512, "label": "Filipino"}, {"persons": 294798.0, "persons_percent": 1.259718658645207, "label": "Vietnamese"}, {"persons": 230869.0, "persons_percent": 0.9865398917318309, "label": "Lebanese"}, {"persons": 207722.0, "persons_percent": 0.8876290857166591, "label": "New Zealander"}, {"persons": 183974.0, "persons_percent": 0.7861501112816006, "label": "Polish"}, {"persons": 175555.0, "persons_percent": 0.7501743876093437, "label": "Maltese"}, {"persons": 144582.0, "persons_percent": 0.6178218410716535, "label": "Welsh"}, {"persons": 144173.0, "persons_percent": 0.6160741191353246, "label": "Australian Aboriginal"}, {"persons": 142107.0, "persons_percent": 0.607245773119541, "label": "Maori"}, {"persons": 135382.0, "persons_percent": 0.5785087804011744, "label": "French"}, {"persons": 133268.0, "persons_percent": 0.5694753227645013, "label": "Croatian"}, {"persons": 123017.0, "persons_percent": 0.5256711722282967, "label": "Korean"}, {"persons": 119956.0, "persons_percent": 0.5125910332378254, "label": "Spanish"}, {"persons": 118960.0, "persons_percent": 0.5083349671043692, "label": "South African"}, {"persons": 110917.0, "persons_percent": 0.47396595112907963, "label": "Sri Lankan(d)"}, {"persons": 98441.0, "persons_percent": 0.42065402233289517, "label": "Macedonian"}, {"persons": 85657.0, "persons_percent": 0.3660259606360033, "label": "Russian"}, {"persons": 73901.0, "persons_percent": 0.31579070615316057, "label": "Serbian"}, {"persons": 73614.0, "persons_percent": 0.3145643095865924, "label": "Hungarian"}, {"persons": 72968.0, "persons_percent": 0.31180384902212177, "label": "Turkish"}]], "defacto_males": [616024.0, 729729.0, 866499.0], "percent_female": [50.64668166216887, 50.557225524473324, 50.65935694430177], "indig_persons": [455028.0, 548368.0, 649171.0], "percent_male": [49.35336366580851, 49.44276982603316, 49.340617416745616], "seperate_house": [5472528.0, 5864573.0, 6041788.0], "persons": [19855287.0, 21507719.0, 23401892.0], "flat_or_unit_percent": [13.057803254603522, 13.61072388491096, 13.123761702914418], "percent_married_females": [49.29177105349542, 48.17468203695977, 46.66541119334667], "semi_or_townhouse_percent": [9.222412464782108, 9.870440943043343, 9.870440943043343], "dwelling_owned_mortgage_percent": [32.229467382429746, 33.285723975306034, 32.4027889699212], "dwelling_rented": [2063949.0, 2349338.0, 2606630.0], "percent_defacto_females": [8.55479037441403, 9.315790550643511, 10.240035239624588], "median_rent": [191.0, 285.0, 335.0], "non_indig_persons": [18266814.0, 19900765.0, 21341231.0], "religions": [[{"persons": 5126885.0, "persons_percent": 25.821258589714667, "label": "Catholic"}, {"persons": 3733767.0, "persons_percent": 18.804900679602365, "label": "and No Religious Affiliation(c)"}, {"persons": 3718248.0, "persons_percent": 18.72674013727427, "label": "Anglican"}, {"persons": 1135427.0, "persons_percent": 5.718512152455918, "label": "Uniting Church"}, {"persons": 596667.0, "persons_percent": 3.00507869767886, "label": "Presbyterian and Reformed"}, {"persons": 544163.0, "persons_percent": 2.7406453505305666, "label": "Eastern Orthodox"}, {"persons": 418758.0, "persons_percent": 2.10905035016618, "label": "Buddhism"}, {"persons": 340392.0, "persons_percent": 1.7143645417968523, "label": "Islam"}, {"persons": 316741.0, "persons_percent": 1.5952476536853888, "label": "Baptist"}, {"persons": 313289.0, "persons_percent": 1.577861856139375, "label": "Christian, nfd(a)"}, {"persons": 251105.0, "persons_percent": 1.2646757510984354, "label": "Lutheran"}, {"persons": 219593.0, "persons_percent": 1.1059673929669211, "label": "Pentecostal"}, {"persons": 148125.0, "persons_percent": 0.7460229610380348, "label": "Hinduism"}, {"persons": 88831.0, "persons_percent": 0.44739217317785435, "label": "Judaism"}, {"persons": 80918.0, "persons_percent": 0.40753880817738874, "label": "Jehovah's Witnesses"}, {"persons": 76186.0, "persons_percent": 0.38370636495962007, "label": "Other Religious Groups(b)"}, {"persons": 64200.0, "persons_percent": 0.3233395719739533, "label": "Salvation Army"}, {"persons": 56102.0, "persons_percent": 0.2825544652162419, "label": "Other Protestant"}, {"persons": 55252.0, "persons_percent": 0.2782734895748422, "label": "Seventh-day Adventist"}, {"persons": 54819.0, "persons_percent": 0.27609271021869386, "label": "Churches of Christ"}, {"persons": 53199.0, "persons_percent": 0.2679336742903792, "label": "Latter-day Saints"}, {"persons": 33091.0, "persons_percent": 0.1666608999406556, "label": "Other Christian"}, {"persons": 32708.0, "persons_percent": 0.16473194268106023, "label": "Oriental Orthodox"}, {"persons": 26426.0, "persons_percent": 0.13309301447015093, "label": "Sikhism"}, {"persons": 24227.0, "persons_percent": 0.1220178786637534, "label": "Brethren"}, {"persons": 8192.0, "persons_percent": 0.04125853229923093, "label": "Assyrian Apostolic"}, {"persons": 5377.0, "persons_percent": 0.027080948263301357, "label": "Australian Aboriginal Traditional Religions"}], [{"persons": 5439267.0, "persons_percent": 25.28983663958042, "label": "Catholic"}, {"persons": 4841191.0, "persons_percent": 22.509086156463177, "label": "and No Religious Affiliation(c)"}, {"persons": 3679907.0, "persons_percent": 17.109703730088718, "label": "Anglican"}, {"persons": 1065794.0, "persons_percent": 4.955402290684567, "label": "Uniting Church"}, {"persons": 599515.0, "persons_percent": 2.7874411042844662, "label": "Presbyterian and Reformed"}, {"persons": 563072.0, "persons_percent": 2.617999612139251, "label": "Eastern Orthodox"}, {"persons": 528978.0, "persons_percent": 2.459479780259357, "label": "Buddhism"}, {"persons": 476290.0, "persons_percent": 2.214507265972742, "label": "Islam"}, {"persons": 470980.0, "persons_percent": 2.1898184554112876, "label": "Christian, nfd(a)"}, {"persons": 352497.0, "persons_percent": 1.6389325153448395, "label": "Baptist"}, {"persons": 275535.0, "persons_percent": 1.2810981954897216, "label": "Hinduism"}, {"persons": 251930.0, "persons_percent": 1.171346901082351, "label": "Lutheran"}, {"persons": 237946.0, "persons_percent": 1.106328383777006, "label": "Pentecostal"}, {"persons": 97336.0, "persons_percent": 0.45256310071746797, "label": "Judaism"}, {"persons": 87142.0, "persons_percent": 0.40516616383169224, "label": "Other Religious Groups(b)"}, {"persons": 85635.0, "persons_percent": 0.3981593771054941, "label": "Jehovah's Witnesses"}, {"persons": 72296.0, "persons_percent": 0.3361397831169359, "label": "Sikhism"}, {"persons": 63002.0, "persons_percent": 0.29292739039411847, "label": "Seventh-day Adventist"}, {"persons": 60241.0, "persons_percent": 0.2800901388008649, "label": "Other Protestant"}, {"persons": 60163.0, "persons_percent": 0.2797274783067419, "label": "Salvation Army"}, {"persons": 59769.0, "persons_percent": 0.277895577862069, "label": "Latter-day Saints"}, {"persons": 49687.0, "persons_percent": 0.2310193842499058, "label": "Churches of Christ"}, {"persons": 41260.0, "persons_percent": 0.19183810240407176, "label": "Oriental Orthodox"}, {"persons": 36342.0, "persons_percent": 0.1689718933002612, "label": "Other Christian"}, {"persons": 21731.0, "persons_percent": 0.10103814356138836, "label": "Brethren"}, {"persons": 10589.0, "persons_percent": 0.049233486823963064, "label": "Assyrian Apostolic"}, {"persons": 7361.0, "persons_percent": 0.034224921759485515, "label": "Australian Aboriginal Traditional Religions"}], [{"persons": 7040717.0, "persons_percent": 30.086101585290624, "label": "and No Religious Affiliation(c)"}, {"persons": 5291834.0, "persons_percent": 22.61284685870698, "label": "Catholic"}, {"persons": 3101185.0, "persons_percent": 13.251855875584761, "label": "Anglican"}, {"persons": 870183.0, "persons_percent": 3.7184301166760365, "label": "Uniting Church"}, {"persons": 612371.0, "persons_percent": 2.6167585082436924, "label": "Christian, nfd(a)"}, {"persons": 604240.0, "persons_percent": 2.582013454296772, "label": "Islam"}, {"persons": 563674.0, "persons_percent": 2.4086684956925706, "label": "Buddhism"}, {"persons": 526689.0, "persons_percent": 2.250625718638476, "label": "Presbyterian and Reformed"}, {"persons": 502801.0, "persons_percent": 2.148548501975823, "label": "Eastern Orthodox"}, {"persons": 440300.0, "persons_percent": 1.8814718057839086, "label": "Hinduism"}, {"persons": 345142.0, "persons_percent": 1.4748465636880985, "label": "Baptist"}, {"persons": 260558.0, "persons_percent": 1.1134057024107282, "label": "Pentecostal"}, {"persons": 174019.0, "persons_percent": 0.7436108157408811, "label": "Lutheran"}, {"persons": 125901.0, "persons_percent": 0.5379949621167383, "label": "Sikhism"}, {"persons": 108307.0, "persons_percent": 0.46281300674321546, "label": "Other Protestant"}, {"persons": 91022.0, "persons_percent": 0.38895145742916853, "label": "Judaism"}, {"persons": 87610.0, "persons_percent": 0.37437143971094305, "label": "Other Religious Groups(b)"}, {"persons": 82510.0, "persons_percent": 0.3525783299914383, "label": "Jehovah's Witnesses"}, {"persons": 62945.0, "persons_percent": 0.2689739786851422, "label": "Seventh-day Adventist"}, {"persons": 61639.0, "persons_percent": 0.2633932333334416, "label": "Latter-day Saints"}, {"persons": 51013.0, "persons_percent": 0.2179866482590382, "label": "Oriental Orthodox"}, {"persons": 48939.0, "persons_percent": 0.20912411697310626, "label": "Salvation Army"}, {"persons": 39621.0, "persons_percent": 0.16930682356794058, "label": "Churches of Christ"}, {"persons": 30549.0, "persons_percent": 0.13054072721983334, "label": "Other Christian"}, {"persons": 17423.0, "persons_percent": 0.07445124522410411, "label": "Brethren"}, {"persons": 13863.0, "persons_percent": 0.05923880000813609, "label": "Assyrian Apostolic"}, {"persons": 8078.0, "persons_percent": 0.03451857653218808, "label": "Australian Aboriginal Traditional Religions"}]], "average_household_size": [2.6, 2.6, 2.6], "flat_or_unit": [932862.0, 1056236.0, 1087445.0], "percent_indig_persons": [2.2917220990056704, 2.5496334595035393, 2.774010750925609], "percent_notmarried_females": [42.153452221144704, 42.50946502755912, 43.094530431771], "countries_of_birth": [[{"persons": 14072946.0, "males": 6931756.0, "females": 7141187.0, "persons_percent": 70.87757532792148, "label": "Australia(b)"}, {"persons": 1038158.0, "males": 520607.0, "females": 517558.0, "persons_percent": 5.228622482263792, "label": "United Kingdom, Channel Islands and Isle of Man(d)"}, {"persons": 389465.0, "males": 196449.0, "females": 193020.0, "persons_percent": 1.9615178566796843, "label": "New Zealand"}, {"persons": 206588.0, "males": 93281.0, "females": 113312.0, "persons_percent": 1.0404684656535057, "label": "China (excludes SARs and Taiwan)(c)"}, {"persons": 199124.0, "males": 103027.0, "females": 96094.0, "persons_percent": 1.0028764630800855, "label": "Italy"}, {"persons": 159850.0, "males": 75287.0, "females": 84561.0, "persons_percent": 0.8050752426796953, "label": "Vietnam"}, {"persons": 147106.0, "males": 81189.0, "females": 65914.0, "persons_percent": 0.7408908267102863, "label": "India"}, {"persons": 120540.0, "males": 42688.0, "females": 77853.0, "persons_percent": 0.6070927103697872, "label": "Philippines"}, {"persons": 109990.0, "males": 54514.0, "females": 55473.0, "persons_percent": 0.5539582479971203, "label": "Greece"}, {"persons": 106524.0, "males": 50996.0, "females": 55530.0, "persons_percent": 0.5365019402640717, "label": "Germany"}, {"persons": 104132.0, "males": 51036.0, "females": 53093.0, "persons_percent": 0.5244547711649798, "label": "South Africa"}, {"persons": 92335.0, "males": 42032.0, "females": 50305.0, "persons_percent": 0.4650398657042832, "label": "Malaysia"}, {"persons": 78924.0, "males": 40463.0, "females": 38458.0, "persons_percent": 0.3974961429668581, "label": "Netherlands"}, {"persons": 74849.0, "males": 38833.0, "females": 36017.0, "persons_percent": 0.3769726420977949, "label": "Lebanon"}, {"persons": 71803.0, "males": 34531.0, "females": 37269.0, "persons_percent": 0.36163163997579084, "label": "Hong Kong (SAR of China)(c)"}, {"persons": 62256.0, "males": 31321.0, "females": 30937.0, "persons_percent": 0.31354872885997565, "label": "Sri Lanka"}, {"persons": 61721.0, "males": 31080.0, "females": 30636.0, "persons_percent": 0.3108542324268594, "label": "United States of America"}, {"persons": 52763.0, "males": 24017.0, "females": 28741.0, "persons_percent": 0.2657377856084377, "label": "Korea, Republic of (South)"}, {"persons": 52254.0, "males": 23644.0, "females": 28615.0, "persons_percent": 0.2631742366655289, "label": "Poland"}, {"persons": 50996.0, "males": 26188.0, "females": 24807.0, "persons_percent": 0.25683839271625736, "label": "Croatia"}, {"persons": 50974.0, "males": 22803.0, "females": 28171.0, "persons_percent": 0.2567275909937741, "label": "Indonesia"}, {"persons": 50256.0, "males": 26040.0, "females": 24217.0, "persons_percent": 0.2531114256872741, "label": "Ireland"}, {"persons": 48142.0, "males": 22302.0, "females": 25845.0, "persons_percent": 0.24246438744501653, "label": "Fiji"}, {"persons": 43700.0, "males": 22400.0, "females": 21303.0, "persons_percent": 0.22009251238725483, "label": "Malta"}, {"persons": 40656.0, "males": 20653.0, "females": 20004.0, "persons_percent": 0.20476158314911286, "label": "The Former Yugoslav Republic of Macedonia"}, {"persons": 39972.0, "males": 18260.0, "females": 21713.0, "persons_percent": 0.20131665686826888, "label": "Singapore"}, {"persons": 33496.0, "males": 17092.0, "females": 16400.0, "persons_percent": 0.16870065892273428, "label": "Egypt"}, {"persons": 32520.0, "males": 17074.0, "females": 15447.0, "persons_percent": 0.1637850915980212, "label": "Iraq"}, {"persons": 31614.0, "males": 15001.0, "females": 16608.0, "persons_percent": 0.15922207520848225, "label": "Canada"}, {"persons": 30778.0, "males": 10360.0, "females": 20413.0, "persons_percent": 0.15501160975411737, "label": "Japan"}, {"persons": 30554.0, "males": 10500.0, "females": 20056.0, "persons_percent": 0.1538834467615603, "label": "Thailand"}, {"persons": 30490.0, "males": 15667.0, "females": 14827.0, "persons_percent": 0.15356111447797255, "label": "Turkey"}, {"persons": 22549.0, "males": 11808.0, "females": 10735.0, "persons_percent": 0.11356672910343729, "label": "Iran"}, {"persons": 16993.0, "males": 9731.0, "females": 7259.0, "persons_percent": 0.08558425773447646, "label": "Pakistan"}], [{"persons": 15017846.0, "persons_percent": 69.82537757723169, "label": "Australia(b)"}, {"persons": 1101082.0, "persons_percent": 5.1194736178206535, "label": "United Kingdom, Channel Islands and Isle of Man(d)"}, {"persons": 483398.0, "persons_percent": 2.247555865873085, "label": "New Zealand"}, {"persons": 318969.0, "persons_percent": 1.4830442967940953, "label": "China (excludes SARs and Taiwan)(c)"}, {"persons": 295362.0, "persons_percent": 1.3732837033996959, "label": "India"}, {"persons": 185402.0, "persons_percent": 0.8620253965564642, "label": "Italy"}, {"persons": 185039.0, "persons_percent": 0.8603376304107376, "label": "Vietnam"}, {"persons": 171233.0, "persons_percent": 0.7961467229509553, "label": "Philippines"}, {"persons": 145683.0, "persons_percent": 0.6773521636580802, "label": "South Africa"}, {"persons": 116196.0, "persons_percent": 0.540252548399019, "label": "Malaysia"}, {"persons": 108002.0, "persons_percent": 0.5021545985420397, "label": "Germany"}, {"persons": 99938.0, "persons_percent": 0.46466108284193225, "label": "Greece"}, {"persons": 86412.0, "persons_percent": 0.4017720335661815, "label": "Sri Lanka"}, {"persons": 77009.0, "persons_percent": 0.35805284605029475, "label": "United States of America"}, {"persons": 76450.0, "persons_percent": 0.35545377917574617, "label": "Lebanon"}, {"persons": 76046.0, "persons_percent": 0.3535753837959293, "label": "Netherlands"}, {"persons": 74955.0, "persons_percent": 0.3485027863717208, "label": "Hong Kong (SAR of China)(c)"}, {"persons": 74538.0, "persons_percent": 0.3465639475762167, "label": "Korea, Republic of (South)"}, {"persons": 67318.0, "persons_percent": 0.31299460440226134, "label": "Ireland"}, {"persons": 63159.0, "persons_percent": 0.293657360875879, "label": "Indonesia"}, {"persons": 56978.0, "persons_percent": 0.26491884146338346, "label": "Fiji"}, {"persons": 48828.0, "persons_percent": 0.22702546932103773, "label": "Croatia"}, {"persons": 48677.0, "persons_percent": 0.2263233958003636, "label": "Poland"}, {"persons": 48647.0, "persons_percent": 0.22618391099493165, "label": "Singapore"}, {"persons": 48169.0, "persons_percent": 0.22396145309504928, "label": "Iraq"}, {"persons": 45464.0, "persons_percent": 0.21138457313860198, "label": "Thailand"}, {"persons": 41274.0, "persons_percent": 0.19190319531327335, "label": "Malta"}, {"persons": 40222.0, "persons_percent": 0.18701192813612638, "label": "The Former Yugoslav Republic of Macedonia"}, {"persons": 38871.0, "persons_percent": 0.18073046239817434, "label": "Canada"}, {"persons": 36532.0, "persons_percent": 0.16985529706799685, "label": "Egypt"}, {"persons": 35377.0, "persons_percent": 0.16448513205886686, "label": "Japan"}, {"persons": 34454.0, "persons_percent": 0.16019364954507728, "label": "Iran"}, {"persons": 32844.0, "persons_percent": 0.1527079649868961, "label": "Turkey"}, {"persons": 30221.0, "persons_percent": 0.14051234349862948, "label": "Pakistan"}], [{"persons": 15615531.0, "persons_percent": 66.72764321790734, "label": "Australia(b)"}, {"persons": 1087759.0, "persons_percent": 4.648166908897793, "label": "United Kingdom, Channel Islands and Isle of Man(d)"}, {"persons": 518466.0, "persons_percent": 2.215487534084851, "label": "New Zealand"}, {"persons": 509555.0, "persons_percent": 2.1774094162984774, "label": "China (excludes SARs and Taiwan)(c)"}, {"persons": 455389.0, "persons_percent": 1.9459494984422627, "label": "India"}, {"persons": 232386.0, "persons_percent": 0.9930222735836914, "label": "Philippines"}, {"persons": 219355.0, "persons_percent": 0.9373387416709726, "label": "Vietnam"}, {"persons": 174042.0, "persons_percent": 0.7437090983925574, "label": "Italy"}, {"persons": 162449.0, "persons_percent": 0.6941703687889851, "label": "South Africa"}, {"persons": 138364.0, "persons_percent": 0.5912513398489319, "label": "Malaysia"}, {"persons": 109849.0, "persons_percent": 0.46940221756428924, "label": "Sri Lanka"}, {"persons": 102595.0, "persons_percent": 0.43840472385737017, "label": "Germany"}, {"persons": 98776.0, "persons_percent": 0.4220855305203528, "label": "Korea, Republic of (South)"}, {"persons": 93743.0, "persons_percent": 0.4005787224383396, "label": "Greece"}, {"persons": 86886.0, "persons_percent": 0.37127767276252704, "label": "Hong Kong (SAR of China)(c)"}, {"persons": 86125.0, "persons_percent": 0.36802579893967546, "label": "United States of America"}, {"persons": 78653.0, "persons_percent": 0.3360967566212168, "label": "Lebanon"}, {"persons": 74888.0, "persons_percent": 0.32000831385770007, "label": "Ireland"}, {"persons": 73213.0, "persons_percent": 0.31285077292041175, "label": "Indonesia"}, {"persons": 70172.0, "persons_percent": 0.29985609710531097, "label": "Netherlands"}, {"persons": 67352.0, "persons_percent": 0.2878057893780554, "label": "Iraq"}, {"persons": 66229.0, "persons_percent": 0.28300703208099587, "label": "Thailand"}, {"persons": 61913.0, "persons_percent": 0.2645640788360189, "label": "Pakistan"}, {"persons": 61469.0, "persons_percent": 0.26266679634279144, "label": "Fiji"}, {"persons": 58112.0, "persons_percent": 0.2483218023568351, "label": "Iran"}, {"persons": 54939.0, "persons_percent": 0.23476306958428833, "label": "Singapore"}, {"persons": 45368.0, "persons_percent": 0.19386466701068444, "label": "Poland"}, {"persons": 43688.0, "persons_percent": 0.18668576027955347, "label": "Croatia"}, {"persons": 43053.0, "persons_percent": 0.1839723044615367, "label": "Canada"}, {"persons": 42421.0, "persons_percent": 0.1812716681198255, "label": "Japan"}, {"persons": 39779.0, "persons_percent": 0.16998198265336836, "label": "Egypt"}, {"persons": 38985.0, "persons_percent": 0.16658909459115528, "label": "The Former Yugoslav Republic of Macedonia"}, {"persons": 37613.0, "persons_percent": 0.16072632076073165, "label": "Malta"}, {"persons": 32178.0, "persons_percent": 0.13750170285376928, "label": "Turkey"}]], "male": [9799252.0, 10634012.0, 11546638.0], "notmarried_males": [2700283.0, 3006361.0, 3299531.0]}