[{"id":101021007,"label":"Braidwood"},{"id":101021008,"label":"Karabar"},{"id":101021009,"label":"Queanbeyan"},{"id":101021010,"label":"Queanbeyan - East"},{"id":101021011,"label":"Queanbeyan Region"},{"id":101021012,"label":"Queanbeyan West - Jerrabomberra"},{"id":101031013,"label":"Bombala"},{"id":101031014,"label":"Cooma"},{"id":101031015,"label":"Cooma Region"},{"id":101031016,"label":"Jindabyne - Berridale"},{"id":101041017,"label":"Batemans Bay"},{"id":101041018,"label":"Batemans Bay - South"},{"id":101041019,"label":"Bega - Tathra"},{"id":101041020,"label":"Bega-Eden Hinterland"},{"id":101041021,"label":"Broulee - Tomakin"},{"id":101041022,"label":"Deua - Wadbilliga"},{"id":101041023,"label":"Eden"},{"id":101041024,"label":"Eurobodalla Hinterland"},{"id":101041025,"label":"Merimbula - Tura Beach"},{"id":101041026,"label":"Moruya - Tuross Head"},{"id":101041027,"label":"Narooma - Bermagui"},{"id":101051539,"label":"Goulburn"},{"id":101051540,"label":"Goulburn Region"},{"id":101061541,"label":"Yass"},{"id":101061542,"label":"Yass Region"},{"id":101061543,"label":"Young"},{"id":101061544,"label":"Young Region"},{"id":102011028,"label":"Avoca Beach - Copacabana"},{"id":102011029,"label":"Box Head - MacMasters Beach"},{"id":102011030,"label":"Calga - Kulnura"},{"id":102011031,"label":"Erina - Green Point"},{"id":102011032,"label":"Gosford - Springfield"},{"id":102011033,"label":"Kariong"},{"id":102011034,"label":"Kincumber - Picketts Valley"},{"id":102011035,"label":"Narara"},{"id":102011036,"label":"Niagara Park - Lisarow"},{"id":102011037,"label":"Point Clare - Koolewong"},{"id":102011038,"label":"Saratoga - Davistown"},{"id":102011039,"label":"Terrigal - North Avoca"},{"id":102011040,"label":"Umina - Booker Bay - Patonga"},{"id":102011041,"label":"Wamberal - Forresters Beach"},{"id":102011042,"label":"Woy Woy - Blackwall"},{"id":102011043,"label":"Wyoming"},{"id":102021044,"label":"Bateau Bay - Killarney Vale"},{"id":102021045,"label":"Blue Haven - San Remo"},{"id":102021046,"label":"Budgewoi - Buff Point - Halekulani"},{"id":102021047,"label":"Chittaway Bay - Tumbi Umbi"},{"id":102021048,"label":"Gorokan - Kanwal - Charmhaven"},{"id":102021049,"label":"Jilliby - Yarramalong"},{"id":102021050,"label":"Lake Munmorah - Mannering Park"},{"id":102021051,"label":"Ourimbah - Fountaindale"},{"id":102021052,"label":"Summerland Point - Gwandalan"},{"id":102021053,"label":"The Entrance"},{"id":102021054,"label":"Toukley - Norah Head"},{"id":102021055,"label":"Tuggerah - Kangy Angy"},{"id":102021056,"label":"Warnervale - Wadalba"},{"id":102021057,"label":"Wyong"},{"id":103011058,"label":"Bathurst"},{"id":103011059,"label":"Bathurst - East"},{"id":103011060,"label":"Bathurst Region"},{"id":103011061,"label":"Oberon"},{"id":103021062,"label":"Condobolin"},{"id":103021063,"label":"Cowra"},{"id":103021064,"label":"Cowra Region"},{"id":103021065,"label":"Forbes"},{"id":103021066,"label":"Grenfell"},{"id":103021067,"label":"Parkes (NSW)"},{"id":103021068,"label":"Parkes Region"},{"id":103021069,"label":"West Wyalong"},{"id":103031070,"label":"Lithgow"},{"id":103031071,"label":"Lithgow Region"},{"id":103031072,"label":"Mudgee"},{"id":103031073,"label":"Mudgee Region - East"},{"id":103031074,"label":"Mudgee Region - West"},{"id":103031075,"label":"Wollangambe - Wollemi"},{"id":103041076,"label":"Blayney"},{"id":103041077,"label":"Orange"},{"id":103041078,"label":"Orange - North"},{"id":103041079,"label":"Orange Region"},{"id":104011080,"label":"Grafton"},{"id":104011081,"label":"Grafton Region"},{"id":104011082,"label":"Maclean - Yamba - Iluka"},{"id":104021083,"label":"Bellingen"},{"id":104021084,"label":"Coffs Harbour - North"},{"id":104021085,"label":"Coffs Harbour - South"},{"id":104021086,"label":"Coramba - Nana Glen - Bucca"},{"id":104021087,"label":"Dorrigo"},{"id":104021088,"label":"Korora - Emerald Beach"},{"id":104021089,"label":"Sawtell - Boambee"},{"id":104021090,"label":"Urunga"},{"id":104021091,"label":"Woolgoolga - Arrawarra"},{"id":105011092,"label":"Bourke - Brewarrina"},{"id":105011093,"label":"Cobar"},{"id":105011094,"label":"Coonamble"},{"id":105011095,"label":"Nyngan - Warren"},{"id":105011096,"label":"Walgett - Lightning Ridge"},{"id":105021097,"label":"Broken Hill"},{"id":105021098,"label":"Far West"},{"id":105031099,"label":"Coonabarabran"},{"id":105031100,"label":"Dubbo - East"},{"id":105031101,"label":"Dubbo - South"},{"id":105031102,"label":"Dubbo - West"},{"id":105031103,"label":"Dubbo Region"},{"id":105031104,"label":"Gilgandra"},{"id":105031105,"label":"Narromine"},{"id":105031106,"label":"Wellington"},{"id":106011107,"label":"Branxton - Greta - Pokolbin"},{"id":106011108,"label":"Cessnock"},{"id":106011109,"label":"Cessnock Region"},{"id":106011110,"label":"Dungog"},{"id":106011111,"label":"Kurri Kurri - Abermain"},{"id":106011112,"label":"Singleton"},{"id":106011113,"label":"Singleton Region"},{"id":106021114,"label":"Maitland"},{"id":106021115,"label":"Maitland - East"},{"id":106021116,"label":"Maitland - North"},{"id":106021117,"label":"Maitland - West"},{"id":106021118,"label":"Thornton - Millers Forest"},{"id":106031119,"label":"Anna Bay"},{"id":106031120,"label":"Lemon Tree Passage - Tanilba Bay"},{"id":106031121,"label":"Nelson Bay Peninsula"},{"id":106031122,"label":"Raymond Terrace"},{"id":106031123,"label":"Seaham - Woodville"},{"id":106031124,"label":"Tea Gardens - Hawks Nest"},{"id":106031125,"label":"Williamtown - Medowie - Karuah"},{"id":106041126,"label":"Muswellbrook"},{"id":106041127,"label":"Muswellbrook Region"},{"id":106041128,"label":"Scone"},{"id":106041129,"label":"Scone Region"},{"id":107011131,"label":"Dapto - Avondale"},{"id":107011132,"label":"Horsley - Kembla Grange"},{"id":107011133,"label":"Port Kembla Industrial"},{"id":107011134,"label":"Unanderra - Mount Kembla"},{"id":107011545,"label":"Berkeley - Lake Heights - Cringila"},{"id":107011546,"label":"Port Kembla - Warrawong"},{"id":107011547,"label":"Windang - Primbee"},{"id":107021135,"label":"Illawarra Catchment Reserve"},{"id":107031136,"label":"Albion Park - Macquarie Pass"},{"id":107031137,"label":"Albion Park Rail"},{"id":107031138,"label":"Kiama"},{"id":107031139,"label":"Kiama Downs - Minnamurra"},{"id":107031140,"label":"Kiama Hinterland - Gerringong"},{"id":107031141,"label":"Shellharbour - Flinders"},{"id":107031142,"label":"Shellharbour - Oak Flats"},{"id":107031143,"label":"Warilla"},{"id":107041144,"label":"Balgownie - Fairy Meadow"},{"id":107041145,"label":"Corrimal - Tarrawanna - Bellambi"},{"id":107041146,"label":"Figtree - Keiraville"},{"id":107041147,"label":"Helensburgh"},{"id":107041148,"label":"Thirroul - Austinmer - Coalcliff"},{"id":107041150,"label":"Woonona - Bulli - Russell Vale"},{"id":107041548,"label":"Wollongong - East"},{"id":107041549,"label":"Wollongong - West"},{"id":108011151,"label":"Bulahdelah - Stroud"},{"id":108011152,"label":"Forster"},{"id":108011153,"label":"Forster-Tuncurry Region"},{"id":108011154,"label":"Tuncurry"},{"id":108021155,"label":"Kempsey"},{"id":108021156,"label":"Kempsey Region"},{"id":108021157,"label":"Macksville - Scotts Head"},{"id":108021158,"label":"Nambucca Heads"},{"id":108021159,"label":"Nambucca Heads Region"},{"id":108021160,"label":"South West Rocks"},{"id":108031161,"label":"Lord Howe Island"},{"id":108041162,"label":"Laurieton - Bonny Hills"},{"id":108041163,"label":"Port Macquarie - East"},{"id":108041164,"label":"Port Macquarie - West"},{"id":108041165,"label":"Port Macquarie Region"},{"id":108041166,"label":"Wauchope"},{"id":108051167,"label":"Gloucester"},{"id":108051168,"label":"Old Bar - Manning Point - Red Head"},{"id":108051169,"label":"Taree"},{"id":108051170,"label":"Taree Region"},{"id":108051171,"label":"Wingham"},{"id":109011172,"label":"Albury - East"},{"id":109011173,"label":"Albury - North"},{"id":109011174,"label":"Albury - South"},{"id":109011175,"label":"Albury Region"},{"id":109011176,"label":"Lavington"},{"id":109021177,"label":"Hay"},{"id":109021178,"label":"Wentworth - Buronga"},{"id":109021179,"label":"Wentworth-Balranald Region"},{"id":109031180,"label":"Corowa"},{"id":109031181,"label":"Corowa Region"},{"id":109031182,"label":"Deniliquin"},{"id":109031183,"label":"Deniliquin Region"},{"id":109031184,"label":"Moama"},{"id":109031185,"label":"Tocumwal - Finley - Jerilderie"},{"id":110011186,"label":"Armidale"},{"id":110011187,"label":"Armidale Region - North"},{"id":110011188,"label":"Armidale Region - South"},{"id":110011189,"label":"Walcha"},{"id":110021190,"label":"Glen Innes"},{"id":110021191,"label":"Inverell"},{"id":110021192,"label":"Inverell Region - East"},{"id":110021193,"label":"Inverell Region - West"},{"id":110021194,"label":"Tenterfield"},{"id":110031195,"label":"Moree"},{"id":110031196,"label":"Moree Region"},{"id":110031197,"label":"Narrabri"},{"id":110031198,"label":"Narrabri Region"},{"id":110041199,"label":"Gunnedah"},{"id":110041200,"label":"Gunnedah Region"},{"id":110041201,"label":"Quirindi"},{"id":110041202,"label":"Tamworth - East"},{"id":110041203,"label":"Tamworth - North"},{"id":110041204,"label":"Tamworth - West"},{"id":110041205,"label":"Tamworth Region"},{"id":111011206,"label":"Belmont - Bennetts Green"},{"id":111011207,"label":"Belmont South - Blacksmiths"},{"id":111011208,"label":"Charlestown - Dudley"},{"id":111011209,"label":"Glendale - Cardiff - Hillsborough"},{"id":111011210,"label":"Mount Hutton - Windale"},{"id":111011211,"label":"Redhead"},{"id":111011212,"label":"Swansea - Caves Beach"},{"id":111011213,"label":"Valentine - Eleebana"},{"id":111011214,"label":"Warners Bay - Boolaroo"},{"id":111021215,"label":"Bolton Point - Teralba"},{"id":111021216,"label":"Bonnells Bay - Silverwater"},{"id":111021217,"label":"Edgeworth - Cameron Park"},{"id":111021218,"label":"Morisset - Cooranbong"},{"id":111021219,"label":"Toronto - Awaba"},{"id":111021220,"label":"Wangi Wangi - Rathmines"},{"id":111021221,"label":"West Wallsend - Barnsley - Killingworth"},{"id":111031222,"label":"Adamstown - Kotara"},{"id":111031223,"label":"Beresfield - Hexham"},{"id":111031224,"label":"Hamilton - Broadmeadow"},{"id":111031225,"label":"Lambton - New Lambton"},{"id":111031226,"label":"Maryland - Fletcher - Minmi"},{"id":111031227,"label":"Mayfield - Warabrook"},{"id":111031228,"label":"Merewether - The Junction"},{"id":111031229,"label":"Newcastle - Cooks Hill"},{"id":111031230,"label":"Newcastle Port - Kooragang"},{"id":111031231,"label":"Shortland - Jesmond"},{"id":111031232,"label":"Stockton - Fullerton Cove"},{"id":111031233,"label":"Wallsend - Elermore Vale"},{"id":111031234,"label":"Waratah - North Lambton"},{"id":111031235,"label":"Wickham - Carrington - Tighes Hill"},{"id":112011236,"label":"Ballina"},{"id":112011237,"label":"Ballina Region"},{"id":112011238,"label":"Bangalow"},{"id":112011239,"label":"Brunswick Heads - Ocean Shores"},{"id":112011240,"label":"Byron Bay"},{"id":112011241,"label":"Evans Head"},{"id":112011242,"label":"Lennox Head - Skennars Head"},{"id":112011243,"label":"Mullumbimby"},{"id":112021244,"label":"Casino"},{"id":112021245,"label":"Casino Region"},{"id":112021246,"label":"Goonellabah"},{"id":112021247,"label":"Kyogle"},{"id":112021248,"label":"Lismore"},{"id":112021249,"label":"Lismore Region"},{"id":112031250,"label":"Kingscliff - Fingal Head"},{"id":112031251,"label":"Murwillumbah"},{"id":112031252,"label":"Murwillumbah Region"},{"id":112031253,"label":"Pottsville"},{"id":112031254,"label":"Tweed Heads"},{"id":112031550,"label":"Banora Point"},{"id":112031551,"label":"Terranora - North Tumblegum"},{"id":112031552,"label":"Tweed Heads South"},{"id":113011256,"label":"Griffith (NSW)"},{"id":113011257,"label":"Griffith Region"},{"id":113011258,"label":"Leeton"},{"id":113011259,"label":"Narrandera"},{"id":113021260,"label":"Tumbarumba"},{"id":113021261,"label":"Tumut"},{"id":113021262,"label":"Tumut Region"},{"id":113031263,"label":"Cootamundra"},{"id":113031264,"label":"Gundagai"},{"id":113031265,"label":"Junee"},{"id":113031266,"label":"Temora"},{"id":113031267,"label":"Wagga Wagga - East"},{"id":113031268,"label":"Wagga Wagga - North"},{"id":113031269,"label":"Wagga Wagga - South"},{"id":113031270,"label":"Wagga Wagga - West"},{"id":113031271,"label":"Wagga Wagga Region"},{"id":114011272,"label":"Berry - Kangaroo Valley"},{"id":114011273,"label":"Callala Bay - Currarong"},{"id":114011274,"label":"Culburra Beach"},{"id":114011275,"label":"Ettrema - Sassafras - Budawang"},{"id":114011276,"label":"Huskisson - Vincentia"},{"id":114011277,"label":"North Nowra - Bomaderry"},{"id":114011278,"label":"Nowra"},{"id":114011279,"label":"St Georges Basin - Erowal Bay"},{"id":114011280,"label":"Sussex Inlet - Berrara"},{"id":114011281,"label":"Tomerong - Wandandian - Woollamia"},{"id":114011282,"label":"Ulladulla"},{"id":114011283,"label":"Ulladulla Region"},{"id":114021284,"label":"Bowral"},{"id":114021285,"label":"Hill Top - Colo Vale"},{"id":114021286,"label":"Mittagong"},{"id":114021287,"label":"Moss Vale - Berrima"},{"id":114021288,"label":"Robertson - Fitzroy Falls"},{"id":114021289,"label":"Southern Highlands"},{"id":115011290,"label":"Baulkham Hills (East)"},{"id":115011291,"label":"Baulkham Hills (West) - Bella Vista"},{"id":115011294,"label":"Glenhaven"},{"id":115011296,"label":"West Pennant Hills"},{"id":115011553,"label":"Castle Hill - Central"},{"id":115011554,"label":"Castle Hill - East"},{"id":115011555,"label":"Castle Hill - North"},{"id":115011556,"label":"Castle Hill - South"},{"id":115011557,"label":"Castle Hill - West"},{"id":115011558,"label":"Cherrybrook"},{"id":115011559,"label":"Kellyville"},{"id":115021297,"label":"Dural - Kenthurst - Wisemans Ferry"},{"id":115021298,"label":"Galston - Laughtondale"},{"id":115031299,"label":"Bilpin - Colo - St Albans"},{"id":115031300,"label":"Kurrajong Heights - Ebenezer"},{"id":115041301,"label":"Pitt Town - McGraths Hill"},{"id":115041302,"label":"Rouse Hill - Beaumont Hills"},{"id":116011303,"label":"Blacktown (East) - Kings Park"},{"id":116011304,"label":"Blacktown (North) - Marayong"},{"id":116011306,"label":"Doonside - Woodcroft"},{"id":116011307,"label":"Lalor Park - Kings Langley"},{"id":116011308,"label":"Seven Hills - Toongabbie"},{"id":116011560,"label":"Blacktown (South)"},{"id":116011561,"label":"Blacktown (West)"},{"id":116021309,"label":"Glenwood"},{"id":116021310,"label":"Parklea - Kellyville Ridge"},{"id":116021312,"label":"Riverstone - Marsden Park"},{"id":116021562,"label":"Acacia Gardens"},{"id":116021563,"label":"Quakers Hill"},{"id":116031313,"label":"Bidwill - Hebersham - Emerton"},{"id":116031314,"label":"Glendenning - Dean Park"},{"id":116031315,"label":"Hassall Grove - Plumpton"},{"id":116031316,"label":"Lethbridge Park - Tregear"},{"id":116031317,"label":"Mount Druitt - Whalan"},{"id":116031318,"label":"Prospect Reservoir"},{"id":116031319,"label":"Rooty Hill - Minchinbury"},{"id":117011320,"label":"Banksmeadow"},{"id":117011321,"label":"Botany"},{"id":117011322,"label":"Mascot - Eastlakes"},{"id":117011323,"label":"Pagewood - Hillsdale - Daceyville"},{"id":117011324,"label":"Port Botany Industrial"},{"id":117011325,"label":"Sydney Airport"},{"id":117021326,"label":"Marrickville"},{"id":117021327,"label":"Petersham - Stanmore"},{"id":117021328,"label":"Sydenham - Tempe - St Peters"},{"id":117031329,"label":"Darlinghurst"},{"id":117031330,"label":"Erskineville - Alexandria"},{"id":117031331,"label":"Glebe - Forest Lodge"},{"id":117031332,"label":"Newtown - Camperdown - Darlington"},{"id":117031333,"label":"Potts Point - Woolloomooloo"},{"id":117031334,"label":"Pyrmont - Ultimo"},{"id":117031335,"label":"Redfern - Chippendale"},{"id":117031336,"label":"Surry Hills"},{"id":117031337,"label":"Sydney - Haymarket - The Rocks"},{"id":117031338,"label":"Waterloo - Beaconsfield"},{"id":118011339,"label":"Bondi - Tamarama - Bronte"},{"id":118011340,"label":"Bondi Beach - North Bondi"},{"id":118011341,"label":"Bondi Junction - Waverly"},{"id":118011342,"label":"Centennial Park"},{"id":118011343,"label":"Double Bay - Bellevue Hill"},{"id":118011344,"label":"Dover Heights"},{"id":118011345,"label":"Paddington - Moore Park"},{"id":118011346,"label":"Rose Bay - Vaucluse - Watsons Bay"},{"id":118011347,"label":"Woollahra"},{"id":118021348,"label":"Coogee - Clovelly"},{"id":118021350,"label":"Malabar - La Perouse - Chifley"},{"id":118021564,"label":"Kensington (NSW)"},{"id":118021565,"label":"Kingsford"},{"id":118021566,"label":"Maroubra - North"},{"id":118021567,"label":"Maroubra - South"},{"id":118021568,"label":"Maroubra - West"},{"id":118021569,"label":"Randwick - North"},{"id":118021570,"label":"Randwick - South"},{"id":119011354,"label":"Bass Hill - Georges Hall"},{"id":119011355,"label":"Chullora"},{"id":119011356,"label":"Condell Park"},{"id":119011357,"label":"Greenacre - Mount Lewis"},{"id":119011358,"label":"Padstow"},{"id":119011359,"label":"Panania - Milperra - Picnic Point"},{"id":119011360,"label":"Revesby"},{"id":119011361,"label":"Yagoona - Birrong"},{"id":119011571,"label":"Bankstown - North"},{"id":119011572,"label":"Bankstown - South"},{"id":119021362,"label":"Belmore - Belfield"},{"id":119021363,"label":"Canterbury (South) - Campsie"},{"id":119021364,"label":"Kingsgrove (North) - Earlwood"},{"id":119021366,"label":"Punchbowl"},{"id":119021367,"label":"Roselands"},{"id":119021573,"label":"Lakemba"},{"id":119021574,"label":"Wiley Park"},{"id":119031368,"label":"Hurstville"},{"id":119031369,"label":"Mortdale - Penshurst"},{"id":119031370,"label":"Narwee - Beverly Hills"},{"id":119031371,"label":"Oatley - Hurstville Grove"},{"id":119031372,"label":"Peakhurst - Lugarno"},{"id":119031373,"label":"Riverwood"},{"id":119031374,"label":"South Hurstville - Blakehurst"},{"id":119041375,"label":"Arncliffe - Bardwell Valley"},{"id":119041376,"label":"Bexley"},{"id":119041377,"label":"Kingsgrove (South) - Bardwell Park"},{"id":119041378,"label":"Kogarah"},{"id":119041379,"label":"Kogarah Bay - Carlton - Allawah"},{"id":119041380,"label":"Monterey - Brighton-le-Sands - Kyeemagh"},{"id":119041381,"label":"Rockdale - Banksia"},{"id":119041382,"label":"Sans Souci - Ramsgate"},{"id":120011383,"label":"Concord - Mortlake - Cabarita"},{"id":120011384,"label":"Concord West - North Strathfield"},{"id":120011385,"label":"Drummoyne - Rodd Point"},{"id":120011386,"label":"Five Dock - Abbotsford"},{"id":120021387,"label":"Balmain"},{"id":120021388,"label":"Leichhardt - Annandale"},{"id":120021389,"label":"Lilyfield - Rozelle"},{"id":120031390,"label":"Ashfield"},{"id":120031391,"label":"Burwood - Croydon"},{"id":120031392,"label":"Canterbury (North) - Ashbury"},{"id":120031393,"label":"Croydon Park - Enfield"},{"id":120031394,"label":"Dulwich Hill - Lewisham"},{"id":120031395,"label":"Haberfield - Summer Hill"},{"id":120031396,"label":"Homebush"},{"id":120031575,"label":"Strathfield"},{"id":120031576,"label":"Strathfield South"},{"id":121011398,"label":"Chatswood (East) - Artarmon"},{"id":121011399,"label":"Chatswood (West) - Lane Cove North"},{"id":121011400,"label":"Lane Cove - Greenwich"},{"id":121011401,"label":"St Leonards - Naremburn"},{"id":121011402,"label":"Willoughby - Castle Cove - Northbridge"},{"id":121021403,"label":"Asquith - Mount Colah"},{"id":121021404,"label":"Berowra - Brooklyn - Cowan"},{"id":121021406,"label":"Normanhurst - Thornleigh - Westleigh"},{"id":121021577,"label":"Hornsby - East"},{"id":121021578,"label":"Hornsby - West"},{"id":121021579,"label":"Waitara - Wahroonga (West)"},{"id":121031407,"label":"Gordon - Killara"},{"id":121031408,"label":"Lindfield - Roseville"},{"id":121031409,"label":"Pymble"},{"id":121031410,"label":"St Ives"},{"id":121031411,"label":"Turramurra"},{"id":121031412,"label":"Wahroonga (East) - Warrawee"},{"id":121041413,"label":"Cremorne - Cammeray"},{"id":121041414,"label":"Crows Nest - Waverton"},{"id":121041415,"label":"Mosman"},{"id":121041416,"label":"Neutral Bay - Kirribilli"},{"id":121041417,"label":"North Sydney - Lavender Bay"},{"id":122011418,"label":"Balgowlah - Clontarf - Seaforth"},{"id":122011419,"label":"Manly - Fairlight"},{"id":122021420,"label":"Avalon - Palm Beach"},{"id":122021421,"label":"Bayview - Elanora Heights"},{"id":122021422,"label":"Newport - Bilgola"},{"id":122021423,"label":"Warriewood - Mona Vale"},{"id":122031424,"label":"Beacon Hill - Narraweena"},{"id":122031425,"label":"Cromer"},{"id":122031426,"label":"Dee Why - North Curl Curl"},{"id":122031427,"label":"Forestville - Killarney Heights"},{"id":122031428,"label":"Frenchs Forest - Belrose"},{"id":122031429,"label":"Freshwater - Brookvale"},{"id":122031430,"label":"Manly Vale - Allambie Heights"},{"id":122031431,"label":"Narrabeen - Collaroy"},{"id":122031432,"label":"Terrey Hills - Duffys Forest"},{"id":123011433,"label":"Camden - Ellis Lane"},{"id":123011434,"label":"Elderslie - Harrington Park"},{"id":123011435,"label":"Mount Annan - Currans Hill"},{"id":123021436,"label":"Bradbury - Wedderburn"},{"id":123021437,"label":"Campbelltown - Woodbine"},{"id":123021438,"label":"Claymore - Eagle Vale - Raby"},{"id":123021439,"label":"Holsworthy Military Area"},{"id":123021440,"label":"Ingleburn - Denham Court"},{"id":123021441,"label":"Leumeah - Minto Heights"},{"id":123021442,"label":"Macquarie Fields - Glenfield"},{"id":123021443,"label":"Minto - St Andrews"},{"id":123021444,"label":"Rosemeadow - Glen Alpine"},{"id":123031445,"label":"Bargo"},{"id":123031446,"label":"Douglas Park - Appin"},{"id":123031447,"label":"Picton - Tahmoor - Buxton"},{"id":123031448,"label":"The Oaks - Oakdale"},{"id":124011449,"label":"Blackheath - Megalong Valley"},{"id":124011450,"label":"Blaxland - Warrimoo - Lapstone"},{"id":124011451,"label":"Blue Mountains - North"},{"id":124011452,"label":"Katoomba - Leura"},{"id":124011453,"label":"Lawson - Hazelbrook - Linden"},{"id":124011454,"label":"Springwood - Winmalee"},{"id":124011455,"label":"Wentworth Falls"},{"id":124021456,"label":"Blue Mountains - South"},{"id":124031457,"label":"Cambridge Park"},{"id":124031458,"label":"Castlereagh - Cranebrook"},{"id":124031459,"label":"Emu Plains - Leonay"},{"id":124031460,"label":"Glenmore Park - Regentville"},{"id":124031461,"label":"Jamisontown - South Penrith"},{"id":124031462,"label":"Kingswood - Werrington"},{"id":124031463,"label":"Mulgoa - Luddenham - Orchard Hills"},{"id":124031464,"label":"Penrith"},{"id":124031465,"label":"Warragamba - Silverdale"},{"id":124041466,"label":"Richmond - Clarendon"},{"id":124041467,"label":"Windsor - Bligh Park"},{"id":124041468,"label":"Yarramundi - Londonderry"},{"id":124051469,"label":"Erskine Park"},{"id":124051470,"label":"St Clair"},{"id":124051580,"label":"Colyton - Oxley Park"},{"id":124051581,"label":"St Marys - North St Marys"},{"id":125011473,"label":"Homebush Bay - Silverwater"},{"id":125011475,"label":"Rookwood Cemetery"},{"id":125011582,"label":"Auburn - Central"},{"id":125011583,"label":"Auburn - North"},{"id":125011584,"label":"Auburn - South"},{"id":125011585,"label":"Berala"},{"id":125011586,"label":"Lidcombe"},{"id":125011587,"label":"Regents Park"},{"id":125021476,"label":"Carlingford"},{"id":125021477,"label":"Ermington - Rydalmere"},{"id":125021478,"label":"Oatlands - Dundas Valley"},{"id":125031479,"label":"Chester Hill - Sefton"},{"id":125031480,"label":"Fairfield - East"},{"id":125031481,"label":"Granville - Clyde"},{"id":125031482,"label":"Greystanes - Pemulwuy"},{"id":125031483,"label":"Guildford - South Granville"},{"id":125031484,"label":"Guildford West - Merrylands West"},{"id":125031485,"label":"Merrylands - Holroyd"},{"id":125031486,"label":"Smithfield Industrial"},{"id":125031487,"label":"Yennora Industrial"},{"id":125041489,"label":"North Parramatta"},{"id":125041490,"label":"North Rocks"},{"id":125041491,"label":"Northmead"},{"id":125041492,"label":"Parramatta - Rosehill"},{"id":125041493,"label":"Toongabbie - Constitution Hill"},{"id":125041494,"label":"Winston Hills"},{"id":125041588,"label":"Pendle Hill - Girraween"},{"id":125041589,"label":"Wentworthville - Westmead"},{"id":126011495,"label":"Epping - North Epping"},{"id":126011496,"label":"Pennant Hills - Cheltenham"},{"id":126021497,"label":"Eastwood - Denistone"},{"id":126021498,"label":"Gladesville - Huntleys Point"},{"id":126021499,"label":"Hunters Hill - Woolwich"},{"id":126021500,"label":"Macquarie Park - Marsfield"},{"id":126021501,"label":"North Ryde - East Ryde"},{"id":126021503,"label":"West Ryde - Meadowbank"},{"id":126021590,"label":"Putney"},{"id":126021591,"label":"Ryde"},{"id":127011504,"label":"Ashcroft - Busby - Miller"},{"id":127011505,"label":"Austral - Greendale"},{"id":127011506,"label":"Cobbitty - Leppington"},{"id":127011592,"label":"Badgerys Creek"},{"id":127011593,"label":"Cecil Hills"},{"id":127011594,"label":"Green Valley"},{"id":127011595,"label":"Hinchinbrook"},{"id":127011596,"label":"Hoxton Park - Carnes Hill - Horningsea Park"},{"id":127011597,"label":"West Hoxton - Middleton Grange"},{"id":127021509,"label":"Bonnyrigg Heights - Bonnyrigg"},{"id":127021510,"label":"Bossley Park - Abbotsbury"},{"id":127021511,"label":"Cabramatta - Lansvale"},{"id":127021512,"label":"Cabramatta West - Mount Pritchard"},{"id":127021513,"label":"Canley Vale - Canley Heights"},{"id":127021514,"label":"Edensor Park"},{"id":127021515,"label":"Fairfield"},{"id":127021516,"label":"Fairfield - West"},{"id":127021517,"label":"Greenfield Park - Prairiewood"},{"id":127021518,"label":"Horsley Park - Kemps Creek"},{"id":127021519,"label":"Smithfield - Wetherill Park"},{"id":127021520,"label":"St Johns Park - Wakeley"},{"id":127021521,"label":"Wetherill Park Industrial"},{"id":127031522,"label":"Casula"},{"id":127031523,"label":"Chipping Norton - Moorebank"},{"id":127031524,"label":"Holsworthy - Wattle Grove"},{"id":127031598,"label":"Liverpool"},{"id":127031599,"label":"Lurnea - Cartwright"},{"id":127031600,"label":"Prestons - Edmondson Park"},{"id":127031601,"label":"Warwick Farm"},{"id":128011529,"label":"Gymea - Grays Point"},{"id":128011530,"label":"Miranda - Yowie Bay"},{"id":128011531,"label":"Sylvania - Taren Point"},{"id":128011602,"label":"Caringbah"},{"id":128011603,"label":"Caringbah South"},{"id":128011604,"label":"Cronulla - Kurnell - Bundeena"},{"id":128011605,"label":"Lilli Pilli - Port Hacking - Dolans Bay"},{"id":128011606,"label":"Woolaware - Burraneer"},{"id":128021533,"label":"Heathcote - Waterfall"},{"id":128021534,"label":"Illawong - Alfords Point"},{"id":128021535,"label":"Menai - Lucas Heights - Woronora"},{"id":128021536,"label":"Oyster Bay - Como - Jannali"},{"id":128021537,"label":"Royal National Park"},{"id":128021538,"label":"Sutherland - Kirrawee"},{"id":128021607,"label":"Engadine"},{"id":128021608,"label":"Loftus - Yarrawarrah"},{"id":128021609,"label":"Woronora Heights"},{"id":197979799,"label":"Migratory - Offshore - Shipping (NSW)"},{"id":199999499,"label":"No usual address (NSW)"},{"id":201011001,"label":"Alfredton"},{"id":201011002,"label":"Ballarat"},{"id":201011003,"label":"Ballarat - North"},{"id":201011004,"label":"Ballarat - South"},{"id":201011005,"label":"Buninyong"},{"id":201011006,"label":"Delacombe"},{"id":201011007,"label":"Smythes Creek"},{"id":201011008,"label":"Wendouree - Miners Rest"},{"id":201021009,"label":"Bacchus Marsh Region"},{"id":201021010,"label":"Creswick - Clunes"},{"id":201021011,"label":"Daylesford"},{"id":201021012,"label":"Gordon (Vic.)"},{"id":201031013,"label":"Avoca"},{"id":201031014,"label":"Beaufort"},{"id":201031015,"label":"Golden Plains - North"},{"id":201031016,"label":"Maryborough (Vic.)"},{"id":201031017,"label":"Maryborough Region"},{"id":202011018,"label":"Bendigo"},{"id":202011019,"label":"California Gully - Eaglehawk"},{"id":202011020,"label":"East Bendigo - Kennington"},{"id":202011021,"label":"Flora Hill - Spring Gully"},{"id":202011022,"label":"Kangaroo Flat - Golden Square"},{"id":202011023,"label":"Maiden Gully"},{"id":202011024,"label":"Strathfieldsaye"},{"id":202011025,"label":"White Hills - Ascot"},{"id":202021026,"label":"Bendigo Region - South"},{"id":202021027,"label":"Castlemaine"},{"id":202021028,"label":"Castlemaine Region"},{"id":202021029,"label":"Heathcote"},{"id":202021030,"label":"Kyneton"},{"id":202021031,"label":"Woodend"},{"id":202031032,"label":"Bendigo Region - North"},{"id":202031033,"label":"Loddon"},{"id":203011034,"label":"Bannockburn"},{"id":203011035,"label":"Golden Plains - South"},{"id":203011036,"label":"Winchelsea"},{"id":203021037,"label":"Belmont"},{"id":203021038,"label":"Corio - Norlane"},{"id":203021039,"label":"Geelong"},{"id":203021040,"label":"Geelong West - Hamlyn Heights"},{"id":203021041,"label":"Grovedale"},{"id":203021042,"label":"Highton"},{"id":203021043,"label":"Lara"},{"id":203021044,"label":"Leopold"},{"id":203021045,"label":"Newcomb - Moolap"},{"id":203021046,"label":"Newtown (Vic.)"},{"id":203021047,"label":"North Geelong - Bell Park"},{"id":203031048,"label":"Clifton Springs"},{"id":203031049,"label":"Lorne - Anglesea"},{"id":203031050,"label":"Ocean Grove - Barwon Heads"},{"id":203031051,"label":"Portarlington"},{"id":203031052,"label":"Point Lonsdale - Queenscliff"},{"id":203031053,"label":"Torquay"},{"id":204011054,"label":"Alexandra"},{"id":204011055,"label":"Euroa"},{"id":204011056,"label":"Kilmore - Broadford"},{"id":204011057,"label":"Mansfield (Vic.)"},{"id":204011058,"label":"Nagambie"},{"id":204011059,"label":"Seymour"},{"id":204011060,"label":"Seymour Region"},{"id":204011061,"label":"Upper Yarra Valley"},{"id":204011062,"label":"Yea"},{"id":204021063,"label":"Benalla"},{"id":204021064,"label":"Benalla Region"},{"id":204021065,"label":"Rutherglen"},{"id":204021066,"label":"Wangaratta"},{"id":204021067,"label":"Wangaratta Region"},{"id":204031068,"label":"Beechworth"},{"id":204031069,"label":"Bright - Mount Beauty"},{"id":204031070,"label":"Chiltern - Indigo Valley"},{"id":204031071,"label":"Myrtleford"},{"id":204031072,"label":"Towong"},{"id":204031073,"label":"West Wodonga"},{"id":204031074,"label":"Wodonga"},{"id":204031075,"label":"Yackandandah"},{"id":205011076,"label":"Drouin"},{"id":205011077,"label":"Mount Baw Baw Region"},{"id":205011078,"label":"Trafalgar (Vic.)"},{"id":205011079,"label":"Warragul"},{"id":205021080,"label":"Alps - East"},{"id":205021081,"label":"Bairnsdale"},{"id":205021082,"label":"Bruthen - Omeo"},{"id":205021083,"label":"Lake King"},{"id":205021084,"label":"Lakes Entrance"},{"id":205021085,"label":"Orbost"},{"id":205021086,"label":"Paynesville"},{"id":205031087,"label":"Foster"},{"id":205031088,"label":"French Island"},{"id":205031089,"label":"Korumburra"},{"id":205031090,"label":"Leongatha"},{"id":205031091,"label":"Phillip Island"},{"id":205031092,"label":"Wilsons Promontory"},{"id":205031093,"label":"Wonthaggi - Inverloch"},{"id":205041094,"label":"Churchill"},{"id":205041095,"label":"Moe - Newborough"},{"id":205041096,"label":"Morwell"},{"id":205041097,"label":"Traralgon"},{"id":205041098,"label":"Yallourn North - Glengarry"},{"id":205051099,"label":"Alps - West"},{"id":205051100,"label":"Longford - Loch Sport"},{"id":205051101,"label":"Maffra"},{"id":205051102,"label":"Rosedale"},{"id":205051103,"label":"Sale"},{"id":205051104,"label":"Yarram"},{"id":206011105,"label":"Brunswick"},{"id":206011106,"label":"Brunswick East"},{"id":206011107,"label":"Brunswick West"},{"id":206011108,"label":"Coburg"},{"id":206011109,"label":"Pascoe Vale South"},{"id":206021110,"label":"Alphington - Fairfield"},{"id":206021111,"label":"Northcote"},{"id":206021112,"label":"Thornbury"},{"id":206031113,"label":"Ascot Vale"},{"id":206031114,"label":"Essendon - Aberfeldie"},{"id":206031115,"label":"Flemington"},{"id":206031116,"label":"Moonee Ponds"},{"id":206041117,"label":"Carlton"},{"id":206041118,"label":"Docklands"},{"id":206041119,"label":"East Melbourne"},{"id":206041120,"label":"Flemington Racecourse"},{"id":206041121,"label":"Kensington (Vic.)"},{"id":206041122,"label":"Melbourne"},{"id":206041123,"label":"North Melbourne"},{"id":206041124,"label":"Parkville"},{"id":206041125,"label":"South Yarra - West"},{"id":206041126,"label":"Southbank"},{"id":206041127,"label":"West Melbourne"},{"id":206051128,"label":"Albert Park"},{"id":206051129,"label":"Elwood"},{"id":206051130,"label":"Port Melbourne"},{"id":206051131,"label":"Port Melbourne Industrial"},{"id":206051132,"label":"South Melbourne"},{"id":206051133,"label":"St Kilda"},{"id":206051134,"label":"St Kilda East"},{"id":206061135,"label":"Armadale"},{"id":206061136,"label":"Prahran - Windsor"},{"id":206061137,"label":"South Yarra - East"},{"id":206061138,"label":"Toorak"},{"id":206071139,"label":"Abbotsford"},{"id":206071140,"label":"Carlton North - Princes Hill"},{"id":206071141,"label":"Collingwood"},{"id":206071142,"label":"Fitzroy"},{"id":206071143,"label":"Fitzroy North"},{"id":206071144,"label":"Richmond (Vic.)"},{"id":206071145,"label":"Yarra - North"},{"id":207011146,"label":"Ashburton (Vic.)"},{"id":207011147,"label":"Balwyn"},{"id":207011148,"label":"Balwyn North"},{"id":207011149,"label":"Camberwell"},{"id":207011150,"label":"Glen Iris - East"},{"id":207011151,"label":"Hawthorn"},{"id":207011152,"label":"Hawthorn East"},{"id":207011153,"label":"Kew"},{"id":207011154,"label":"Kew East"},{"id":207011155,"label":"Surrey Hills (West) - Canterbury"},{"id":207021156,"label":"Bulleen"},{"id":207021157,"label":"Doncaster"},{"id":207021159,"label":"Templestowe"},{"id":207021160,"label":"Templestowe Lower"},{"id":207021424,"label":"Doncaster East (North)"},{"id":207021425,"label":"Doncaster East (South)"},{"id":207031161,"label":"Blackburn"},{"id":207031162,"label":"Blackburn South"},{"id":207031163,"label":"Box Hill"},{"id":207031164,"label":"Box Hill North"},{"id":207031165,"label":"Burwood"},{"id":207031166,"label":"Burwood East"},{"id":207031167,"label":"Surrey Hills (East) - Mont Albert"},{"id":208011168,"label":"Beaumaris"},{"id":208011169,"label":"Brighton (Vic.)"},{"id":208011170,"label":"Brighton East"},{"id":208011171,"label":"Cheltenham - Highett (West)"},{"id":208011172,"label":"Hampton"},{"id":208011173,"label":"Sandringham - Black Rock"},{"id":208021174,"label":"Bentleigh - McKinnon"},{"id":208021176,"label":"Carnegie"},{"id":208021177,"label":"Caulfield - North"},{"id":208021178,"label":"Caulfield - South"},{"id":208021179,"label":"Elsternwick"},{"id":208021180,"label":"Hughesdale"},{"id":208021181,"label":"Murrumbeena"},{"id":208021182,"label":"Ormond - Glen Huntly"},{"id":208021426,"label":"Bentleigh East (North)"},{"id":208021427,"label":"Bentleigh East (South)"},{"id":208031183,"label":"Aspendale Gardens - Waterways"},{"id":208031184,"label":"Braeside"},{"id":208031185,"label":"Carrum - Patterson Lakes"},{"id":208031186,"label":"Chelsea - Bonbeach"},{"id":208031187,"label":"Chelsea Heights"},{"id":208031188,"label":"Cheltenham - Highett (East)"},{"id":208031189,"label":"Edithvale - Aspendale"},{"id":208031190,"label":"Mentone"},{"id":208031191,"label":"Moorabbin - Heatherton"},{"id":208031192,"label":"Moorabbin Airport"},{"id":208031193,"label":"Mordialloc - Parkdale"},{"id":208041194,"label":"Malvern - Glen Iris"},{"id":208041195,"label":"Malvern East"},{"id":209011196,"label":"Bundoora - East"},{"id":209011197,"label":"Greensborough"},{"id":209011198,"label":"Heidelberg - Rosanna"},{"id":209011199,"label":"Heidelberg West"},{"id":209011200,"label":"Ivanhoe"},{"id":209011201,"label":"Ivanhoe East - Eaglemont"},{"id":209011202,"label":"Montmorency - Briar Hill"},{"id":209011203,"label":"Viewbank - Yallambie"},{"id":209011204,"label":"Watsonia"},{"id":209021205,"label":"Kingsbury"},{"id":209021207,"label":"Reservoir - East"},{"id":209021208,"label":"Reservoir - West"},{"id":209021428,"label":"Preston - East"},{"id":209021429,"label":"Preston - West"},{"id":209031209,"label":"Eltham"},{"id":209031210,"label":"Hurstbridge"},{"id":209031211,"label":"Kinglake"},{"id":209031212,"label":"Panton Hill - St Andrews"},{"id":209031213,"label":"Plenty - Yarrambat"},{"id":209031214,"label":"Research - North Warrandyte"},{"id":209031215,"label":"Wattle Glen - Diamond Creek"},{"id":209041216,"label":"Bundoora - North"},{"id":209041217,"label":"Bundoora - West"},{"id":209041219,"label":"Lalor"},{"id":209041220,"label":"Mill Park - North"},{"id":209041221,"label":"Mill Park - South"},{"id":209041223,"label":"Thomastown"},{"id":209041224,"label":"Wallan"},{"id":209041225,"label":"Whittlesea"},{"id":209041430,"label":"Doreen"},{"id":209041431,"label":"Epping - East"},{"id":209041432,"label":"Epping - South"},{"id":209041433,"label":"Epping - West"},{"id":209041434,"label":"Mernda"},{"id":209041435,"label":"South Morang (North)"},{"id":209041436,"label":"South Morang (South)"},{"id":209041437,"label":"Wollert"},{"id":210011226,"label":"Airport West"},{"id":210011227,"label":"Essendon Airport"},{"id":210011228,"label":"Keilor"},{"id":210011229,"label":"Keilor East"},{"id":210011230,"label":"Niddrie - Essendon West"},{"id":210011231,"label":"Strathmore"},{"id":210021232,"label":"Gisborne"},{"id":210021233,"label":"Macedon"},{"id":210021234,"label":"Riddells Creek"},{"id":210021235,"label":"Romsey"},{"id":210031236,"label":"Coburg North"},{"id":210031237,"label":"Fawkner"},{"id":210031239,"label":"Pascoe Vale"},{"id":210031438,"label":"Glenroy"},{"id":210031439,"label":"Gowanbrae"},{"id":210031440,"label":"Hadfield"},{"id":210041240,"label":"Sunbury"},{"id":210041241,"label":"Sunbury - South"},{"id":210051242,"label":"Broadmeadows"},{"id":210051243,"label":"Campbellfield - Coolaroo"},{"id":210051245,"label":"Gladstone Park - Westmeadows"},{"id":210051246,"label":"Greenvale - Bulla"},{"id":210051247,"label":"Meadow Heights"},{"id":210051248,"label":"Melbourne Airport"},{"id":210051249,"label":"Roxburgh Park - Somerton"},{"id":210051250,"label":"Tullamarine"},{"id":210051441,"label":"Craigieburn - Central"},{"id":210051442,"label":"Craigieburn - North"},{"id":210051443,"label":"Craigieburn - South"},{"id":210051444,"label":"Craigieburn - West"},{"id":210051445,"label":"Mickleham - Yuroke"},{"id":211011251,"label":"Bayswater"},{"id":211011254,"label":"Knoxfield - Scoresby"},{"id":211011255,"label":"Lysterfield"},{"id":211011256,"label":"Rowville - Central"},{"id":211011257,"label":"Rowville - North"},{"id":211011258,"label":"Rowville - South"},{"id":211011259,"label":"Wantirna"},{"id":211011260,"label":"Wantirna South"},{"id":211011446,"label":"Boronia"},{"id":211011447,"label":"Ferntree Gully (North)"},{"id":211011448,"label":"Ferntree Gully (South) - Upper Ferntree Gully"},{"id":211011449,"label":"The Basin"},{"id":211021261,"label":"Donvale - Park Orchards"},{"id":211021262,"label":"Warrandyte - Wonga Park"},{"id":211031263,"label":"Bayswater North"},{"id":211031265,"label":"Croydon Hills - Warranwood"},{"id":211031266,"label":"Ringwood"},{"id":211031267,"label":"Ringwood East"},{"id":211031268,"label":"Ringwood North"},{"id":211031450,"label":"Croydon - East"},{"id":211031451,"label":"Croydon - West"},{"id":211031452,"label":"Croydon South"},{"id":211041269,"label":"Forest Hill"},{"id":211041270,"label":"Mitcham (Vic.)"},{"id":211041271,"label":"Nunawading"},{"id":211041272,"label":"Vermont"},{"id":211041273,"label":"Vermont South"},{"id":211051274,"label":"Belgrave - Selby"},{"id":211051275,"label":"Chirnside Park"},{"id":211051276,"label":"Healesville - Yarra Glen"},{"id":211051277,"label":"Kilsyth"},{"id":211051278,"label":"Lilydale - Coldstream"},{"id":211051279,"label":"Monbulk - Silvan"},{"id":211051280,"label":"Montrose"},{"id":211051281,"label":"Mooroolbark"},{"id":211051282,"label":"Mount Dandenong - Olinda"},{"id":211051283,"label":"Mount Evelyn"},{"id":211051284,"label":"Upwey - Tecoma"},{"id":211051285,"label":"Wandin - Seville"},{"id":211051286,"label":"Yarra Valley"},{"id":212011287,"label":"Beaconsfield - Officer"},{"id":212011288,"label":"Bunyip - Garfield"},{"id":212011289,"label":"Emerald - Cockatoo"},{"id":212011290,"label":"Koo Wee Rup"},{"id":212011291,"label":"Pakenham - North"},{"id":212011292,"label":"Pakenham - South"},{"id":212021293,"label":"Berwick - North"},{"id":212021294,"label":"Berwick - South"},{"id":212021295,"label":"Doveton"},{"id":212021297,"label":"Hallam"},{"id":212021299,"label":"Narre Warren North"},{"id":212021453,"label":"Endeavour Hills - North"},{"id":212021454,"label":"Endeavour Hills - South"},{"id":212021455,"label":"Narre Warren - North East"},{"id":212021456,"label":"Narre Warren - South West"},{"id":212031300,"label":"Cranbourne"},{"id":212031301,"label":"Cranbourne East"},{"id":212031302,"label":"Cranbourne North"},{"id":212031303,"label":"Cranbourne South"},{"id":212031304,"label":"Cranbourne West"},{"id":212031305,"label":"Hampton Park - Lynbrook"},{"id":212031306,"label":"Lynbrook - Lyndhurst"},{"id":212031308,"label":"Pearcedale - Tooradin"},{"id":212031457,"label":"Narre Warren South (East)"},{"id":212031458,"label":"Narre Warren South (West)"},{"id":212041309,"label":"Clarinda - Oakleigh South"},{"id":212041310,"label":"Clayton South"},{"id":212041311,"label":"Dandenong"},{"id":212041312,"label":"Dandenong North"},{"id":212041313,"label":"Dingley Village"},{"id":212041314,"label":"Keysborough"},{"id":212041316,"label":"Noble Park North"},{"id":212041317,"label":"Springvale"},{"id":212041318,"label":"Springvale South"},{"id":212041459,"label":"Noble Park - East"},{"id":212041460,"label":"Noble Park - West"},{"id":212051319,"label":"Ashwood - Chadstone"},{"id":212051320,"label":"Clayton"},{"id":212051321,"label":"Glen Waverley - East"},{"id":212051322,"label":"Glen Waverley - West"},{"id":212051323,"label":"Mount Waverley - North"},{"id":212051324,"label":"Mount Waverley - South"},{"id":212051325,"label":"Mulgrave"},{"id":212051326,"label":"Oakleigh - Huntingdale"},{"id":212051327,"label":"Wheelers Hill"},{"id":213011328,"label":"Ardeer - Albion"},{"id":213011329,"label":"Cairnlea"},{"id":213011330,"label":"Deer Park - Derrimut"},{"id":213011331,"label":"Delahey"},{"id":213011332,"label":"Keilor Downs"},{"id":213011333,"label":"Kings Park (Vic.)"},{"id":213011334,"label":"St Albans - North"},{"id":213011335,"label":"St Albans - South"},{"id":213011336,"label":"Sunshine"},{"id":213011337,"label":"Sunshine North"},{"id":213011338,"label":"Sunshine West"},{"id":213011339,"label":"Sydenham"},{"id":213011340,"label":"Taylors Lakes"},{"id":213021341,"label":"Altona"},{"id":213021342,"label":"Altona Meadows"},{"id":213021343,"label":"Altona North"},{"id":213021344,"label":"Newport"},{"id":213021345,"label":"Seabrook"},{"id":213021346,"label":"Williamstown"},{"id":213031347,"label":"Braybrook"},{"id":213031348,"label":"Footscray"},{"id":213031349,"label":"Maribyrnong"},{"id":213031350,"label":"Seddon - Kingsville"},{"id":213031351,"label":"West Footscray - Tottenham"},{"id":213031352,"label":"Yarraville"},{"id":213041353,"label":"Bacchus Marsh"},{"id":213041355,"label":"Hillside"},{"id":213041356,"label":"Melton"},{"id":213041357,"label":"Melton South"},{"id":213041358,"label":"Melton West"},{"id":213041359,"label":"Rockbank - Mount Cottrell"},{"id":213041360,"label":"Taylors Hill"},{"id":213041461,"label":"Burnside"},{"id":213041462,"label":"Burnside Heights"},{"id":213041463,"label":"Caroline Springs"},{"id":213051361,"label":"Hoppers Crossing - North"},{"id":213051362,"label":"Hoppers Crossing - South"},{"id":213051363,"label":"Laverton"},{"id":213051365,"label":"Tarneit"},{"id":213051366,"label":"Truganina"},{"id":213051368,"label":"Werribee - South"},{"id":213051369,"label":"Wyndham Vale"},{"id":213051464,"label":"Point Cook - East"},{"id":213051465,"label":"Point Cook - North"},{"id":213051466,"label":"Point Cook - South"},{"id":213051467,"label":"Werribee - East"},{"id":213051468,"label":"Werribee - West"},{"id":214011370,"label":"Carrum Downs"},{"id":214011371,"label":"Frankston"},{"id":214011372,"label":"Frankston North"},{"id":214011373,"label":"Frankston South"},{"id":214011374,"label":"Langwarrin"},{"id":214011375,"label":"Seaford (Vic.)"},{"id":214011376,"label":"Skye - Sandhurst"},{"id":214021377,"label":"Dromana"},{"id":214021378,"label":"Flinders"},{"id":214021379,"label":"Hastings - Somers"},{"id":214021380,"label":"Mornington"},{"id":214021381,"label":"Mount Eliza"},{"id":214021382,"label":"Mount Martha"},{"id":214021383,"label":"Point Nepean"},{"id":214021384,"label":"Rosebud - McCrae"},{"id":214021385,"label":"Somerville"},{"id":215011386,"label":"Ararat"},{"id":215011387,"label":"Ararat Region"},{"id":215011388,"label":"Horsham"},{"id":215011389,"label":"Horsham Region"},{"id":215011390,"label":"Nhill Region"},{"id":215011391,"label":"St Arnaud"},{"id":215011392,"label":"Stawell"},{"id":215011393,"label":"West Wimmera"},{"id":215011394,"label":"Yarriambiack"},{"id":215021395,"label":"Irymple"},{"id":215021396,"label":"Merbein"},{"id":215021398,"label":"Mildura Region"},{"id":215021399,"label":"Red Cliffs"},{"id":215021469,"label":"Mildura - North"},{"id":215021470,"label":"Mildura - South"},{"id":215031400,"label":"Buloke"},{"id":215031401,"label":"Gannawarra"},{"id":215031402,"label":"Kerang"},{"id":215031403,"label":"Robinvale"},{"id":215031404,"label":"Swan Hill"},{"id":215031405,"label":"Swan Hill Region"},{"id":216011406,"label":"Echuca"},{"id":216011407,"label":"Kyabram"},{"id":216011408,"label":"Lockington - Gunbower"},{"id":216011409,"label":"Rochester"},{"id":216011410,"label":"Rushworth"},{"id":216021411,"label":"Cobram"},{"id":216021412,"label":"Moira"},{"id":216021413,"label":"Numurkah"},{"id":216021414,"label":"Yarrawonga"},{"id":216031415,"label":"Mooroopna"},{"id":216031416,"label":"Shepparton - North"},{"id":216031417,"label":"Shepparton - South"},{"id":216031418,"label":"Shepparton Region - East"},{"id":216031419,"label":"Shepparton Region - West"},{"id":217011420,"label":"Glenelg (Vic.)"},{"id":217011421,"label":"Hamilton (Vic.)"},{"id":217011422,"label":"Portland"},{"id":217011423,"label":"Southern Grampians"},{"id":217031471,"label":"Camperdown"},{"id":217031472,"label":"Colac"},{"id":217031473,"label":"Colac Region"},{"id":217031474,"label":"Corangamite - North"},{"id":217031475,"label":"Corangamite - South"},{"id":217031476,"label":"Otway"},{"id":217041477,"label":"Moyne - East"},{"id":217041478,"label":"Moyne - West"},{"id":217041479,"label":"Warrnambool - North"},{"id":217041480,"label":"Warrnambool - South"},{"id":297979799,"label":"Migratory - Offshore - Shipping (Vic.)"},{"id":299999499,"label":"No usual address (Vic.)"},{"id":301011001,"label":"Alexandra Hills"},{"id":301011002,"label":"Belmont - Gumdale"},{"id":301011003,"label":"Birkdale"},{"id":301011004,"label":"Capalaba"},{"id":301011005,"label":"Thorneside"},{"id":301011006,"label":"Wellington Point"},{"id":301021007,"label":"Cleveland"},{"id":301021008,"label":"Ormiston"},{"id":301021009,"label":"Redland Bay"},{"id":301021011,"label":"Sheldon - Mount Cotton"},{"id":301021012,"label":"Thornlands"},{"id":301021013,"label":"Victoria Point"},{"id":301021527,"label":"Redland Islands"},{"id":301031014,"label":"Brisbane Port - Lytton"},{"id":301031015,"label":"Manly - Lota"},{"id":301031016,"label":"Manly West"},{"id":301031017,"label":"Murarrie"},{"id":301031018,"label":"Tingalpa"},{"id":301031019,"label":"Wakerley"},{"id":301031020,"label":"Wynnum"},{"id":301031021,"label":"Wynnum West - Hemmant"},{"id":302011022,"label":"Bald Hills"},{"id":302011023,"label":"Bridgeman Downs"},{"id":302011024,"label":"Carseldine"},{"id":302011025,"label":"Everton Park"},{"id":302011026,"label":"McDowall"},{"id":302021027,"label":"Aspley"},{"id":302021028,"label":"Chermside"},{"id":302021029,"label":"Chermside West"},{"id":302021030,"label":"Geebung"},{"id":302021031,"label":"Kedron - Gordon Park"},{"id":302021032,"label":"Stafford"},{"id":302021033,"label":"Stafford Heights"},{"id":302021034,"label":"Wavell Heights"},{"id":302031035,"label":"Boondall"},{"id":302031036,"label":"Brisbane Airport"},{"id":302031037,"label":"Eagle Farm - Pinkenba"},{"id":302031038,"label":"Northgate - Virginia"},{"id":302031039,"label":"Nudgee - Banyo"},{"id":302031040,"label":"Nundah"},{"id":302041041,"label":"Bracken Ridge"},{"id":302041042,"label":"Brighton (Qld)"},{"id":302041043,"label":"Deagon"},{"id":302041044,"label":"Sandgate - Shorncliffe"},{"id":302041045,"label":"Taigum - Fitzgibbon"},{"id":302041046,"label":"Zillmere"},{"id":303011047,"label":"Camp Hill"},{"id":303011048,"label":"Cannon Hill"},{"id":303011049,"label":"Carina"},{"id":303011050,"label":"Carina Heights"},{"id":303011051,"label":"Carindale"},{"id":303021052,"label":"Annerley"},{"id":303021053,"label":"Coorparoo"},{"id":303021054,"label":"Fairfield - Dutton Park"},{"id":303021055,"label":"Greenslopes"},{"id":303021056,"label":"Holland Park"},{"id":303021057,"label":"Holland Park West"},{"id":303021058,"label":"Woolloongabba"},{"id":303021059,"label":"Yeronga"},{"id":303031060,"label":"Eight Mile Plains"},{"id":303031061,"label":"Macgregor (Qld)"},{"id":303031062,"label":"Mansfield (Qld)"},{"id":303031063,"label":"Mount Gravatt"},{"id":303031064,"label":"Rochedale - Burbank"},{"id":303031065,"label":"Upper Mount Gravatt"},{"id":303031066,"label":"Wishart"},{"id":303041067,"label":"Coopers Plains"},{"id":303041068,"label":"Moorooka"},{"id":303041069,"label":"Robertson"},{"id":303041070,"label":"Salisbury - Nathan"},{"id":303041071,"label":"Tarragindi"},{"id":303051072,"label":"Algester"},{"id":303051073,"label":"Calamvale - Stretton"},{"id":303051074,"label":"Pallara - Willawong"},{"id":303051075,"label":"Parkinson - Drewvale"},{"id":303051076,"label":"Rocklea - Acacia Ridge"},{"id":303061077,"label":"Kuraby"},{"id":303061078,"label":"Runcorn"},{"id":303061079,"label":"Sunnybank"},{"id":303061080,"label":"Sunnybank Hills"},{"id":304011081,"label":"Jindalee - Mount Ommaney"},{"id":304011082,"label":"Middle Park - Jamboree Heights"},{"id":304011083,"label":"Riverhills"},{"id":304011084,"label":"Seventeen Mile Rocks - Sinnamon Park"},{"id":304011085,"label":"Westlake"},{"id":304021086,"label":"Bellbowrie - Moggill"},{"id":304021087,"label":"Brookfield - Kenmore Hills"},{"id":304021088,"label":"Chapel Hill"},{"id":304021089,"label":"Fig Tree Pocket"},{"id":304021090,"label":"Kenmore"},{"id":304021091,"label":"Pinjarra Hills - Pullenvale"},{"id":304031092,"label":"Chelmer - Graceville"},{"id":304031093,"label":"Corinda"},{"id":304031094,"label":"Indooroopilly"},{"id":304031095,"label":"Sherwood"},{"id":304031096,"label":"St Lucia"},{"id":304031097,"label":"Taringa"},{"id":304041098,"label":"Enoggera"},{"id":304041099,"label":"Enoggera Reservoir"},{"id":304041100,"label":"Keperra"},{"id":304041101,"label":"Mitchelton"},{"id":304041102,"label":"Mount Coot-tha"},{"id":304041103,"label":"The Gap"},{"id":304041104,"label":"Upper Kedron - Ferny Grove"},{"id":305011105,"label":"Brisbane City"},{"id":305011106,"label":"Fortitude Valley"},{"id":305011107,"label":"Highgate Hill"},{"id":305011108,"label":"Kangaroo Point"},{"id":305011109,"label":"New Farm"},{"id":305011110,"label":"South Brisbane"},{"id":305011111,"label":"Spring Hill"},{"id":305011112,"label":"West End"},{"id":305021113,"label":"Balmoral"},{"id":305021114,"label":"Bulimba"},{"id":305021115,"label":"East Brisbane"},{"id":305021116,"label":"Hawthorne"},{"id":305021117,"label":"Morningside - Seven Hills"},{"id":305021118,"label":"Norman Park"},{"id":305031119,"label":"Albion"},{"id":305031120,"label":"Alderley"},{"id":305031121,"label":"Ascot"},{"id":305031122,"label":"Clayfield"},{"id":305031123,"label":"Grange"},{"id":305031124,"label":"Hamilton (Qld)"},{"id":305031125,"label":"Hendra"},{"id":305031126,"label":"Kelvin Grove - Herston"},{"id":305031127,"label":"Newmarket"},{"id":305031128,"label":"Newstead - Bowen Hills"},{"id":305031129,"label":"Wilston"},{"id":305031130,"label":"Windsor"},{"id":305031131,"label":"Wooloowin - Lutwyche"},{"id":305041132,"label":"Ashgrove"},{"id":305041133,"label":"Auchenflower"},{"id":305041134,"label":"Bardon"},{"id":305041135,"label":"Paddington - Milton"},{"id":305041136,"label":"Red Hill (Qld)"},{"id":305041137,"label":"Toowong"},{"id":306011138,"label":"Brinsmead"},{"id":306011139,"label":"Clifton Beach - Kewarra Beach"},{"id":306011140,"label":"Freshwater - Stratford"},{"id":306011141,"label":"Redlynch"},{"id":306011142,"label":"Trinity Beach - Smithfield"},{"id":306011143,"label":"Yorkeys Knob - Machans Beach"},{"id":306021144,"label":"Bentley Park"},{"id":306021145,"label":"Cairns City"},{"id":306021146,"label":"Earlville - Bayview Heights"},{"id":306021147,"label":"Edmonton"},{"id":306021148,"label":"Gordonvale - Trinity"},{"id":306021149,"label":"Kanimbla - Mooroobool"},{"id":306021150,"label":"Lamb Range"},{"id":306021151,"label":"Manoora"},{"id":306021152,"label":"Manunda"},{"id":306021153,"label":"Mount Sheridan"},{"id":306021154,"label":"Westcourt - Bungalow"},{"id":306021155,"label":"White Rock"},{"id":306021156,"label":"Whitfield - Edge Hill"},{"id":306021157,"label":"Woree"},{"id":306031158,"label":"Babinda"},{"id":306031159,"label":"Innisfail"},{"id":306031160,"label":"Johnstone"},{"id":306031161,"label":"Tully"},{"id":306031162,"label":"Wooroonooran"},{"id":306031163,"label":"Yarrabah"},{"id":306041164,"label":"Daintree"},{"id":306041165,"label":"Port Douglas"},{"id":306051166,"label":"Atherton"},{"id":306051167,"label":"Herberton"},{"id":306051168,"label":"Kuranda"},{"id":306051169,"label":"Malanda - Yungaburra"},{"id":306051170,"label":"Mareeba"},{"id":307011171,"label":"Balonne"},{"id":307011172,"label":"Chinchilla"},{"id":307011173,"label":"Goondiwindi"},{"id":307011174,"label":"Inglewood - Waggamba"},{"id":307011175,"label":"Miles - Wandoan"},{"id":307011176,"label":"Roma"},{"id":307011177,"label":"Roma Region"},{"id":307011178,"label":"Tara"},{"id":307021179,"label":"Crows Nest - Rosalie"},{"id":307021180,"label":"Jondaryan"},{"id":307021181,"label":"Millmerran"},{"id":307021182,"label":"Pittsworth"},{"id":307021183,"label":"Wambo"},{"id":307031184,"label":"Clifton - Greenmount"},{"id":307031185,"label":"Southern Downs - East"},{"id":307031186,"label":"Southern Downs - West"},{"id":307031187,"label":"Stanthorpe"},{"id":307031188,"label":"Stanthorpe Region"},{"id":307031189,"label":"Warwick"},{"id":308011190,"label":"Central Highlands - East"},{"id":308011191,"label":"Central Highlands - West"},{"id":308011192,"label":"Emerald"},{"id":308031205,"label":"Berserker"},{"id":308031206,"label":"Bouldercombe"},{"id":308031207,"label":"Emu Park"},{"id":308031208,"label":"Frenchville - Mount Archer"},{"id":308031209,"label":"Glenlee - Rockyview"},{"id":308031210,"label":"Gracemere"},{"id":308031211,"label":"Lakes Creek"},{"id":308031212,"label":"Mount Morgan"},{"id":308031213,"label":"Norman Gardens"},{"id":308031214,"label":"Park Avenue"},{"id":308031215,"label":"Parkhurst - Kawana"},{"id":308031216,"label":"Rockhampton - West"},{"id":308031217,"label":"Rockhampton City"},{"id":308031218,"label":"Rockhampton Region - East"},{"id":308031219,"label":"Rockhampton Region - North"},{"id":308031220,"label":"Rockhampton Region - West"},{"id":308031221,"label":"Shoalwater Bay"},{"id":308031222,"label":"The Range - Allenstown"},{"id":308031223,"label":"Yeppoon"},{"id":308041528,"label":"Banana"},{"id":308041529,"label":"Biloela"},{"id":308051530,"label":"Agnes Water - Miriam Vale"},{"id":308051531,"label":"Boyne Island - Tannum Sands"},{"id":308051532,"label":"Callemondah"},{"id":308051533,"label":"Clinton - New Auckland"},{"id":308051534,"label":"Gladstone"},{"id":308051535,"label":"Gladstone Hinterland"},{"id":308051536,"label":"Kin Kora - Sun Valley"},{"id":308051537,"label":"South Trees"},{"id":308051538,"label":"Telina - Toolooa"},{"id":308051539,"label":"West Gladstone"},{"id":309011224,"label":"Broadbeach Waters"},{"id":309011225,"label":"Burleigh Heads"},{"id":309011226,"label":"Burleigh Waters"},{"id":309011227,"label":"Mermaid Beach - Broadbeach"},{"id":309011228,"label":"Mermaid Waters"},{"id":309011229,"label":"Miami"},{"id":309021230,"label":"Coolangatta"},{"id":309021231,"label":"Currumbin - Tugun"},{"id":309021232,"label":"Currumbin Waters"},{"id":309021233,"label":"Elanora"},{"id":309021234,"label":"Palm Beach"},{"id":309031235,"label":"Arundel"},{"id":309031236,"label":"Biggera Waters"},{"id":309031237,"label":"Coombabah"},{"id":309031238,"label":"Labrador"},{"id":309031239,"label":"Paradise Point - Hollywell"},{"id":309031240,"label":"Runaway Bay"},{"id":309041241,"label":"Guanaba - Springbrook"},{"id":309041242,"label":"Tamborine - Canungra"},{"id":309051243,"label":"Currumbin Valley - Tallebudgera"},{"id":309051244,"label":"Mudgeeraba - Bonogin"},{"id":309051245,"label":"Reedy Creek - Andrews"},{"id":309061246,"label":"Carrara"},{"id":309061247,"label":"Highland Park"},{"id":309061248,"label":"Nerang - Mount Nathan"},{"id":309061249,"label":"Pacific Pines - Gaven"},{"id":309061250,"label":"Worongary - Tallai"},{"id":309071251,"label":"Coomera"},{"id":309071252,"label":"Helensvale"},{"id":309071253,"label":"Hope Island"},{"id":309071254,"label":"Jacobs Well - Alberton"},{"id":309071255,"label":"Ormeau - Yatala"},{"id":309071256,"label":"Oxenford - Maudsland"},{"id":309071257,"label":"Pimpama"},{"id":309071258,"label":"Upper Coomera - Willow Vale"},{"id":309081259,"label":"Clear Island Waters"},{"id":309081260,"label":"Merrimac"},{"id":309081261,"label":"Robina"},{"id":309081262,"label":"Varsity Lakes"},{"id":309091263,"label":"Ashmore"},{"id":309091264,"label":"Molendinar"},{"id":309091265,"label":"Parkwood"},{"id":309091540,"label":"Southport - North"},{"id":309091541,"label":"Southport - South"},{"id":309101267,"label":"Benowa"},{"id":309101268,"label":"Bundall"},{"id":309101269,"label":"Main Beach"},{"id":309101270,"label":"Surfers Paradise"},{"id":310011271,"label":"Darra - Sumner"},{"id":310011272,"label":"Durack"},{"id":310011273,"label":"Forest Lake - Doolandella"},{"id":310011274,"label":"Inala - Richlands"},{"id":310011275,"label":"Oxley (Qld)"},{"id":310011276,"label":"Wacol"},{"id":310021277,"label":"Boonah"},{"id":310021278,"label":"Esk"},{"id":310021279,"label":"Lake Manchester - England Creek"},{"id":310021280,"label":"Lockyer Valley - East"},{"id":310021281,"label":"Lowood"},{"id":310021282,"label":"Rosewood"},{"id":310031283,"label":"Brassall"},{"id":310031284,"label":"Bundamba"},{"id":310031285,"label":"Churchill - Yamanto"},{"id":310031286,"label":"Ipswich - Central"},{"id":310031287,"label":"Ipswich - East"},{"id":310031288,"label":"Ipswich - North"},{"id":310031289,"label":"Karalee - Barellan Point"},{"id":310031290,"label":"Karana Downs"},{"id":310031291,"label":"Leichhardt - One Mile"},{"id":310031292,"label":"North Ipswich - Tivoli"},{"id":310031293,"label":"Raceview"},{"id":310031294,"label":"Ripley"},{"id":310031295,"label":"Riverview"},{"id":310041296,"label":"Bellbird Park - Brookwater"},{"id":310041297,"label":"Camira - Gailes"},{"id":310041298,"label":"Carole Park"},{"id":310041299,"label":"Collingwood Park - Redbank"},{"id":310041300,"label":"Goodna"},{"id":310041301,"label":"New Chum"},{"id":310041302,"label":"Redbank Plains"},{"id":310041303,"label":"Springfield"},{"id":310041304,"label":"Springfield Lakes"},{"id":311011305,"label":"Beaudesert"},{"id":311021306,"label":"Beenleigh"},{"id":311021307,"label":"Eagleby"},{"id":311021308,"label":"Edens Landing - Holmview"},{"id":311021309,"label":"Mount Warren Park"},{"id":311021310,"label":"Wolffdene - Bahrs Scrub"},{"id":311031311,"label":"Boronia Heights - Park Ridge"},{"id":311031312,"label":"Browns Plains"},{"id":311031313,"label":"Chambers Flat - Logan Reserve"},{"id":311031314,"label":"Crestmead"},{"id":311031315,"label":"Greenbank Military Camp"},{"id":311031316,"label":"Hillcrest"},{"id":311031317,"label":"Marsden"},{"id":311031318,"label":"Munruben - Park Ridge South"},{"id":311031319,"label":"Regents Park - Heritage Park"},{"id":311041320,"label":"Greenbank"},{"id":311041321,"label":"Jimboomba"},{"id":311041322,"label":"Logan Village"},{"id":311051323,"label":"Bethania - Waterford"},{"id":311051324,"label":"Cornubia - Carbrook"},{"id":311051325,"label":"Loganholme - Tanah Merah"},{"id":311051326,"label":"Loganlea"},{"id":311051327,"label":"Shailer Park"},{"id":311051328,"label":"Waterford West"},{"id":311061329,"label":"Daisy Hill"},{"id":311061330,"label":"Kingston (Qld.)"},{"id":311061331,"label":"Logan Central"},{"id":311061332,"label":"Rochedale South - Priestdale"},{"id":311061333,"label":"Slacks Creek"},{"id":311061334,"label":"Springwood"},{"id":311061335,"label":"Underwood"},{"id":311061336,"label":"Woodridge"},{"id":312011337,"label":"Bowen"},{"id":312011338,"label":"Broadsound - Nebo"},{"id":312011339,"label":"Clermont"},{"id":312011340,"label":"Collinsville"},{"id":312011341,"label":"Moranbah"},{"id":312021342,"label":"Andergrove - Beaconsfield"},{"id":312021343,"label":"East Mackay"},{"id":312021344,"label":"Eimeo - Rural View"},{"id":312021345,"label":"Eungella Hinterland"},{"id":312021346,"label":"Mackay"},{"id":312021347,"label":"Mackay Harbour"},{"id":312021348,"label":"Mount Pleasant - Glenella"},{"id":312021349,"label":"North Mackay"},{"id":312021350,"label":"Ooralea - Bakers Creek"},{"id":312021351,"label":"Pioneer Valley"},{"id":312021352,"label":"Sarina"},{"id":312021353,"label":"Seaforth - Calen"},{"id":312021354,"label":"Shoal Point - Bucasia"},{"id":312021355,"label":"Slade Point"},{"id":312021356,"label":"South Mackay"},{"id":312021357,"label":"Walkerston - Eton"},{"id":312021358,"label":"West Mackay"},{"id":312031359,"label":"Airlie - Whitsundays"},{"id":312031360,"label":"Cape Conway"},{"id":312031361,"label":"Proserpine"},{"id":313011362,"label":"Beachmere - Sandstone Point"},{"id":313011363,"label":"Bribie Island"},{"id":313021364,"label":"Burpengary - East"},{"id":313021365,"label":"Caboolture"},{"id":313021366,"label":"Caboolture - South"},{"id":313021367,"label":"Elimbah"},{"id":313021368,"label":"Morayfield - East"},{"id":313021369,"label":"Wamuran"},{"id":313031370,"label":"Kilcoy"},{"id":313031371,"label":"Woodford - D'Aguilar"},{"id":313041372,"label":"Burpengary"},{"id":313041373,"label":"Deception Bay"},{"id":313041374,"label":"Morayfield"},{"id":313041375,"label":"Narangba"},{"id":313041376,"label":"Upper Caboolture"},{"id":313051377,"label":"Clontarf"},{"id":313051378,"label":"Margate - Woody Point"},{"id":313051379,"label":"Redcliffe"},{"id":313051380,"label":"Rothwell - Kippa-Ring"},{"id":313051542,"label":"Scarborough - Newport - Moreton Island"},{"id":314011382,"label":"Albany Creek"},{"id":314011383,"label":"Cashmere"},{"id":314011384,"label":"Dayboro"},{"id":314011385,"label":"Eatons Hill"},{"id":314011386,"label":"The Hills District"},{"id":314011387,"label":"Samford Valley"},{"id":314021388,"label":"Dakabin - Kallangur"},{"id":314021389,"label":"Murrumba Downs - Griffin"},{"id":314021390,"label":"North Lakes - Mango Hill"},{"id":314031391,"label":"Bray Park"},{"id":314031392,"label":"Lawnton"},{"id":314031393,"label":"Petrie"},{"id":314031394,"label":"Strathpine - Brendale"},{"id":315011395,"label":"Aurukun"},{"id":315011396,"label":"Cape York"},{"id":315011397,"label":"Croydon - Etheridge"},{"id":315011398,"label":"Kowanyama - Pormpuraaw"},{"id":315011399,"label":"Northern Peninsula"},{"id":315011400,"label":"Tablelands"},{"id":315011401,"label":"Torres"},{"id":315011402,"label":"Torres Strait Islands"},{"id":315011403,"label":"Weipa"},{"id":315021404,"label":"Carpentaria"},{"id":315021405,"label":"Mount Isa"},{"id":315021406,"label":"Mount Isa Region"},{"id":315021407,"label":"Northern Highlands"},{"id":315031408,"label":"Barcaldine - Blackall"},{"id":315031409,"label":"Charleville"},{"id":315031410,"label":"Far Central West"},{"id":315031411,"label":"Far South West"},{"id":315031412,"label":"Longreach"},{"id":316011413,"label":"Buderim - North"},{"id":316011414,"label":"Buderim - South"},{"id":316011415,"label":"Mountain Creek"},{"id":316011416,"label":"Sippy Downs"},{"id":316021417,"label":"Aroona - Currimundi"},{"id":316021418,"label":"Buddina - Minyama"},{"id":316021419,"label":"Caloundra - Kings Beach"},{"id":316021420,"label":"Caloundra - West"},{"id":316021421,"label":"Golden Beach - Pelican Waters"},{"id":316021422,"label":"Moffat Beach - Battery Hill"},{"id":316021423,"label":"Parrearra - Warana"},{"id":316021424,"label":"Wurtulla - Birtinya"},{"id":316031425,"label":"Coolum Beach"},{"id":316031426,"label":"Marcoola - Mudjimba"},{"id":316031427,"label":"Maroochydore - Kuluin"},{"id":316031428,"label":"Mooloolaba - Alexandra Headland"},{"id":316051434,"label":"Noosa Heads"},{"id":316051435,"label":"Noosaville"},{"id":316051437,"label":"Sunshine Beach"},{"id":316051438,"label":"Tewantin"},{"id":316051543,"label":"Peregian Beach - Marcus Beach"},{"id":316051544,"label":"Peregian Springs"},{"id":316061439,"label":"Beerwah"},{"id":316061440,"label":"Caloundra Hinterland"},{"id":316061441,"label":"Glass House Mountains"},{"id":316061442,"label":"Landsborough"},{"id":316061443,"label":"Maroochy Hinterland"},{"id":316061444,"label":"Palmwoods"},{"id":316071545,"label":"Bli Bli"},{"id":316071546,"label":"Diddillibah - Rosemount"},{"id":316071547,"label":"Eumundi - Yandina"},{"id":316071548,"label":"Nambour"},{"id":316081549,"label":"Noosa Hinterland"},{"id":317011445,"label":"Cambooya - Wyreema"},{"id":317011446,"label":"Darling Heights"},{"id":317011447,"label":"Drayton - Harristown"},{"id":317011448,"label":"Gatton"},{"id":317011449,"label":"Gowrie (Qld)"},{"id":317011450,"label":"Highfields"},{"id":317011451,"label":"Lockyer Valley - West"},{"id":317011452,"label":"Middle Ridge"},{"id":317011453,"label":"Newtown (Qld)"},{"id":317011454,"label":"North Toowoomba - Harlaxton"},{"id":317011455,"label":"Rangeville"},{"id":317011456,"label":"Toowoomba - Central"},{"id":317011457,"label":"Toowoomba - East"},{"id":317011458,"label":"Toowoomba - West"},{"id":317011459,"label":"Wilsonton"},{"id":318011460,"label":"Ayr"},{"id":318011461,"label":"Burdekin"},{"id":318011462,"label":"Charters Towers"},{"id":318011463,"label":"Dalrymple"},{"id":318011464,"label":"Ingham"},{"id":318011465,"label":"Ingham Region"},{"id":318011466,"label":"Palm Island"},{"id":318021467,"label":"Aitkenvale"},{"id":318021468,"label":"Annandale"},{"id":318021469,"label":"Belgian Gardens - Pallarenda"},{"id":318021470,"label":"Bohle Plains"},{"id":318021471,"label":"Condon - Rasmussen"},{"id":318021472,"label":"Cranbrook"},{"id":318021473,"label":"Deeragun"},{"id":318021474,"label":"Douglas"},{"id":318021475,"label":"Garbutt - West End"},{"id":318021476,"label":"Gulliver - Currajong - Vincent"},{"id":318021477,"label":"Heatley"},{"id":318021478,"label":"Hermit Park - Rosslea"},{"id":318021479,"label":"Hyde Park - Pimlico"},{"id":318021480,"label":"Kelso"},{"id":318021481,"label":"Kirwan - East"},{"id":318021482,"label":"Kirwan - West"},{"id":318021483,"label":"Magnetic Island"},{"id":318021484,"label":"Mount Louisa"},{"id":318021485,"label":"Mundingburra"},{"id":318021486,"label":"Northern Beaches"},{"id":318021487,"label":"Oonoonba"},{"id":318021488,"label":"South Townsville - Railway Estate"},{"id":318021489,"label":"Townsville - South"},{"id":318021490,"label":"Townsville City - North Ward"},{"id":318021491,"label":"Wulguru - Roseneath"},{"id":319011492,"label":"Ashfield - Kepnock"},{"id":319011493,"label":"Bargara - Burnett Heads"},{"id":319011494,"label":"Branyan - Kensington"},{"id":319011495,"label":"Bundaberg"},{"id":319011496,"label":"Bundaberg East - Kalkie"},{"id":319011497,"label":"Bundaberg North - Gooburrum"},{"id":319011498,"label":"Bundaberg Region - North"},{"id":319011499,"label":"Bundaberg Region - South"},{"id":319011500,"label":"Millbank - Avoca"},{"id":319011501,"label":"Svensson Heights - Norville"},{"id":319011502,"label":"Walkervale - Avenell Heights"},{"id":319021503,"label":"Gayndah - Mundubbera"},{"id":319021504,"label":"Gin Gin"},{"id":319021505,"label":"Kingaroy"},{"id":319021506,"label":"Kingaroy Region - North"},{"id":319021507,"label":"Kingaroy Region - South"},{"id":319021508,"label":"Monto - Eidsvold"},{"id":319021509,"label":"Nanango"},{"id":319021510,"label":"North Burnett"},{"id":319031511,"label":"Cooloola"},{"id":319031512,"label":"Gympie - North"},{"id":319031513,"label":"Gympie - South"},{"id":319031514,"label":"Gympie Region"},{"id":319031515,"label":"Kilkivan"},{"id":319041516,"label":"Booral - River Heads"},{"id":319041517,"label":"Craignish - Dundowran Beach"},{"id":319041518,"label":"Pialba - Eli Waters"},{"id":319041519,"label":"Point Vernon"},{"id":319041520,"label":"Torquay - Scarness - Kawungan"},{"id":319041521,"label":"Urangan - Wondunna"},{"id":319051522,"label":"Burrum - Fraser"},{"id":319051523,"label":"Granville"},{"id":319051524,"label":"Maryborough (Qld)"},{"id":319051525,"label":"Maryborough Region - South"},{"id":319051526,"label":"Tinana"},{"id":397979799,"label":"Migratory - Offshore - Shipping (Qld)"},{"id":399999499,"label":"No usual address (Qld)"},{"id":401011001,"label":"Adelaide"},{"id":401011002,"label":"North Adelaide"},{"id":401021003,"label":"Adelaide Hills"},{"id":401021004,"label":"Aldgate - Stirling"},{"id":401021005,"label":"Hahndorf - Echunga"},{"id":401021006,"label":"Lobethal - Woodside"},{"id":401021007,"label":"Mount Barker"},{"id":401021008,"label":"Mount Barker Region"},{"id":401021009,"label":"Nairne"},{"id":401021010,"label":"Uraidla - Summertown"},{"id":401031011,"label":"Burnside - Wattle Park"},{"id":401031012,"label":"Glenside - Beaumont"},{"id":401031013,"label":"Toorak Gardens"},{"id":401041014,"label":"Athelstone"},{"id":401041015,"label":"Paradise - Newton"},{"id":401041016,"label":"Rostrevor - Magill"},{"id":401051017,"label":"Norwood (SA)"},{"id":401051018,"label":"Payneham - Felixstow"},{"id":401051019,"label":"St Peters - Marden"},{"id":401061020,"label":"Nailsworth - Broadview"},{"id":401061021,"label":"Prospect"},{"id":401061022,"label":"Walkerville"},{"id":401071023,"label":"Goodwood - Millswood"},{"id":401071024,"label":"Unley - Parkside"},{"id":402011025,"label":"Gawler - North"},{"id":402011026,"label":"Gawler - South"},{"id":402011027,"label":"Lewiston - Two Wells"},{"id":402021028,"label":"Craigmore - Blakeview"},{"id":402021029,"label":"Davoren Park"},{"id":402021030,"label":"Elizabeth"},{"id":402021031,"label":"Elizabeth East"},{"id":402021032,"label":"Munno Para West - Angle Vale"},{"id":402021033,"label":"One Tree Hill"},{"id":402021034,"label":"Smithfield - Elizabeth North"},{"id":402021035,"label":"Virginia - Waterloo Corner"},{"id":402031036,"label":"Enfield - Blair Athol"},{"id":402031037,"label":"Northgate - Oakden - Gilles Plains"},{"id":402031038,"label":"Windsor Gardens"},{"id":402041039,"label":"Dry Creek - North"},{"id":402041040,"label":"Ingle Farm"},{"id":402041041,"label":"Para Hills"},{"id":402041042,"label":"Parafield"},{"id":402041043,"label":"Parafield Gardens"},{"id":402041044,"label":"Paralowie"},{"id":402041046,"label":"Salisbury"},{"id":402041047,"label":"Salisbury East"},{"id":402041048,"label":"Salisbury North"},{"id":402041171,"label":"Mawson Lakes - Globe Derby Park"},{"id":402041172,"label":"Pooraka - Cavan"},{"id":402051049,"label":"Golden Grove"},{"id":402051050,"label":"Greenwith"},{"id":402051051,"label":"Highbury - Dernancourt"},{"id":402051052,"label":"Hope Valley - Modbury"},{"id":402051053,"label":"Modbury Heights"},{"id":402051054,"label":"Redwood Park"},{"id":402051055,"label":"St Agnes - Ridgehaven"},{"id":403011056,"label":"Brighton (SA)"},{"id":403011057,"label":"Glenelg (SA)"},{"id":403021058,"label":"Edwardstown"},{"id":403021059,"label":"Hallett Cove"},{"id":403021060,"label":"Marino - Seaview Downs"},{"id":403021061,"label":"Mitchell Park"},{"id":403021062,"label":"Morphettville"},{"id":403021063,"label":"Sheidow Park - Trott Park"},{"id":403021064,"label":"Warradale"},{"id":403031065,"label":"Belair"},{"id":403031066,"label":"Bellevue Heights"},{"id":403031067,"label":"Blackwood"},{"id":403031068,"label":"Colonel Light Gardens"},{"id":403031069,"label":"Mitcham (SA)"},{"id":403031070,"label":"Panorama"},{"id":403041071,"label":"Aberfoyle Park"},{"id":403041072,"label":"Aldinga"},{"id":403041073,"label":"Christie Downs"},{"id":403041074,"label":"Christies Beach"},{"id":403041075,"label":"Clarendon"},{"id":403041076,"label":"Coromandel Valley"},{"id":403041077,"label":"Flagstaff Hill"},{"id":403041078,"label":"Hackham - Onkaparinga Hills"},{"id":403041079,"label":"Hackham West - Huntfield Heights"},{"id":403041080,"label":"Happy Valley"},{"id":403041081,"label":"Happy Valley Reservoir"},{"id":403041082,"label":"Lonsdale"},{"id":403041083,"label":"McLaren Vale"},{"id":403041084,"label":"Morphett Vale - East"},{"id":403041085,"label":"Morphett Vale - West"},{"id":403041086,"label":"Reynella"},{"id":403041087,"label":"Seaford (SA)"},{"id":403041088,"label":"Willunga"},{"id":403041089,"label":"Woodcroft"},{"id":404011090,"label":"Beverley"},{"id":404011091,"label":"Flinders Park"},{"id":404011092,"label":"Henley Beach"},{"id":404011093,"label":"Hindmarsh - Brompton"},{"id":404011094,"label":"Royal Park - Hendon - Albert Park"},{"id":404011095,"label":"Seaton - Grange"},{"id":404011096,"label":"West Lakes"},{"id":404011097,"label":"Woodville - Cheltenham"},{"id":404021098,"label":"Dry Creek - South"},{"id":404021099,"label":"Largs Bay - Semaphore"},{"id":404021100,"label":"North Haven"},{"id":404021101,"label":"Port Adelaide"},{"id":404021102,"label":"The Parks"},{"id":404021103,"label":"Torrens Island"},{"id":404031104,"label":"Adelaide Airport"},{"id":404031105,"label":"Fulham"},{"id":404031106,"label":"Lockleys"},{"id":404031107,"label":"Plympton"},{"id":404031108,"label":"Richmond (SA)"},{"id":404031109,"label":"West Beach"},{"id":405011110,"label":"Barossa - Angaston"},{"id":405011111,"label":"Light"},{"id":405011112,"label":"Lyndoch"},{"id":405011113,"label":"Mallala"},{"id":405011114,"label":"Nuriootpa"},{"id":405011115,"label":"Tanunda"},{"id":405021116,"label":"Clare"},{"id":405021117,"label":"Gilbert Valley"},{"id":405021118,"label":"Goyder"},{"id":405021119,"label":"Wakefield - Barunga West"},{"id":405031120,"label":"Jamestown"},{"id":405031121,"label":"Peterborough - Mount Remarkable"},{"id":405031122,"label":"Port Pirie"},{"id":405031123,"label":"Port Pirie Region"},{"id":405041124,"label":"Kadina"},{"id":405041125,"label":"Moonta"},{"id":405041126,"label":"Wallaroo"},{"id":405041127,"label":"Yorke Peninsula - North"},{"id":405041128,"label":"Yorke Peninsula - South"},{"id":406011129,"label":"Ceduna"},{"id":406011130,"label":"Eyre Peninsula"},{"id":406011131,"label":"Kimba - Cleve - Franklin Harbour"},{"id":406011132,"label":"Le Hunte - Elliston"},{"id":406011133,"label":"Port Lincoln"},{"id":406011134,"label":"West Coast (SA)"},{"id":406011135,"label":"Western"},{"id":406011136,"label":"Whyalla"},{"id":406011137,"label":"Whyalla - North"},{"id":406021138,"label":"APY Lands"},{"id":406021139,"label":"Coober Pedy"},{"id":406021140,"label":"Quorn - Lake Gilles"},{"id":406021141,"label":"Outback"},{"id":406021142,"label":"Port Augusta"},{"id":406021143,"label":"Roxby Downs"},{"id":407011144,"label":"Goolwa - Port Elliot"},{"id":407011145,"label":"Kangaroo Island"},{"id":407011146,"label":"Strathalbyn"},{"id":407011147,"label":"Strathalbyn Region"},{"id":407011148,"label":"Victor Harbor"},{"id":407011149,"label":"Yankalilla"},{"id":407021150,"label":"Grant"},{"id":407021151,"label":"Kingston - Robe"},{"id":407021152,"label":"Millicent"},{"id":407021154,"label":"Naracoorte"},{"id":407021155,"label":"Naracoorte Region"},{"id":407021156,"label":"Penola"},{"id":407021157,"label":"Tatiara"},{"id":407021158,"label":"Wattle Range"},{"id":407021173,"label":"Mount Gambier - East"},{"id":407021174,"label":"Mount Gambier - West"},{"id":407031159,"label":"Barmera"},{"id":407031160,"label":"Berri"},{"id":407031161,"label":"Karoonda - Lameroo"},{"id":407031162,"label":"Loxton"},{"id":407031163,"label":"Loxton Region"},{"id":407031164,"label":"Mannum"},{"id":407031165,"label":"Murray Bridge"},{"id":407031166,"label":"Murray Bridge Region"},{"id":407031167,"label":"Renmark"},{"id":407031168,"label":"Renmark Region"},{"id":407031169,"label":"The Coorong"},{"id":407031170,"label":"Waikerie"},{"id":497979799,"label":"Migratory - Offshore - Shipping (SA)"},{"id":499999499,"label":"No usual address (SA)"},{"id":501011001,"label":"Augusta"},{"id":501011002,"label":"Busselton"},{"id":501011003,"label":"Busselton Region"},{"id":501011004,"label":"Margaret River"},{"id":501021005,"label":"Australind - Leschenault"},{"id":501021007,"label":"Capel"},{"id":501021008,"label":"College Grove - Carey Park"},{"id":501021009,"label":"Collie"},{"id":501021010,"label":"Dardanup"},{"id":501021011,"label":"Davenport"},{"id":501021012,"label":"Eaton - Pelican Point"},{"id":501021014,"label":"Harvey"},{"id":501021015,"label":"East Bunbury - Glen Iris"},{"id":501021016,"label":"Waroona"},{"id":501021251,"label":"Dalyellup"},{"id":501021252,"label":"Gelorup - Stratham"},{"id":501021253,"label":"South Bunbury - Bunbury"},{"id":501021254,"label":"Withers - Usher"},{"id":501031017,"label":"Bridgetown - Boyup Brook"},{"id":501031018,"label":"Donnybrook - Balingup"},{"id":501031019,"label":"Manjimup"},{"id":501031020,"label":"Pemberton"},{"id":502011021,"label":"Dawesville - Bouvard"},{"id":502011022,"label":"Falcon - Wannanup"},{"id":502011023,"label":"Greenfields"},{"id":502011024,"label":"Halls Head - Erskine"},{"id":502011025,"label":"Mandurah"},{"id":502011026,"label":"Mandurah - East"},{"id":502011027,"label":"Mandurah - North"},{"id":502011028,"label":"Mandurah - South"},{"id":502011029,"label":"Pinjarra"},{"id":503011030,"label":"City Beach"},{"id":503011031,"label":"Claremont (WA)"},{"id":503011032,"label":"Cottesloe"},{"id":503011033,"label":"Floreat"},{"id":503011034,"label":"Mosman Park - Peppermint Grove"},{"id":503011035,"label":"Nedlands - Dalkeith - Crawley"},{"id":503011036,"label":"Swanbourne - Mount Claremont"},{"id":503021037,"label":"Kings Park (WA)"},{"id":503021038,"label":"Mount Hawthorn - Leederville"},{"id":503021039,"label":"Mount Lawley - Inglewood"},{"id":503021040,"label":"North Perth"},{"id":503021041,"label":"Perth City"},{"id":503021042,"label":"Subiaco - Shenton Park"},{"id":503021043,"label":"Wembley - West Leederville - Glendalough"},{"id":504011044,"label":"Bassendean - Eden Hill - Ashfield"},{"id":504011045,"label":"Bayswater - Embleton - Bedford"},{"id":504011046,"label":"Maylands"},{"id":504011047,"label":"Morley"},{"id":504011048,"label":"Noranda"},{"id":504021049,"label":"Chidlow"},{"id":504021050,"label":"Glen Forrest - Darlington"},{"id":504021051,"label":"Helena Valley - Koongamia"},{"id":504021052,"label":"Malmalling - Reservoir"},{"id":504021053,"label":"Mundaring"},{"id":504021054,"label":"Swan View - Greenmount - Midvale"},{"id":504031055,"label":"Avon Valley National Park"},{"id":504031056,"label":"Ballajura"},{"id":504031057,"label":"Beechboro"},{"id":504031058,"label":"Bullsbrook"},{"id":504031059,"label":"Ellenbrook"},{"id":504031060,"label":"Gidgegannup"},{"id":504031061,"label":"Hazelmere - Guildford"},{"id":504031062,"label":"Lockridge - Kiara"},{"id":504031063,"label":"Malaga"},{"id":504031064,"label":"Melaleuca - Lexia"},{"id":504031065,"label":"Middle Swan - Herne Hill"},{"id":504031066,"label":"Midland - Guildford"},{"id":504031067,"label":"Stratton - Jane Brook"},{"id":504031068,"label":"The Vines"},{"id":504031069,"label":"Walyunga National Park"},{"id":505011070,"label":"Craigie - Beldon"},{"id":505011071,"label":"Currambine - Kinross"},{"id":505011072,"label":"Duncraig"},{"id":505011073,"label":"Greenwood - Warwick"},{"id":505011074,"label":"Heathridge - Connolly"},{"id":505011075,"label":"Hillarys"},{"id":505011076,"label":"Iluka - Burns Beach"},{"id":505011077,"label":"Joondalup - Edgewater"},{"id":505011078,"label":"Kingsley"},{"id":505011079,"label":"Mullaloo - Kallaroo"},{"id":505011080,"label":"Ocean Reef"},{"id":505011081,"label":"Padbury"},{"id":505011082,"label":"Sorrento - Marmion"},{"id":505011083,"label":"Woodvale"},{"id":505021084,"label":"Balcatta - Hamersley"},{"id":505021085,"label":"Balga - Mirrabooka"},{"id":505021086,"label":"Dianella"},{"id":505021087,"label":"Herdsman"},{"id":505021088,"label":"Innaloo - Doubleview"},{"id":505021089,"label":"Karrinyup - Gwelup - Carine"},{"id":505021090,"label":"Nollamara - Westminster"},{"id":505021091,"label":"Osborne Park Industrial"},{"id":505021092,"label":"Scarborough"},{"id":505021093,"label":"Stirling - Osborne Park"},{"id":505021094,"label":"Trigg - North Beach - Watermans Bay"},{"id":505021095,"label":"Tuart Hill - Joondanna"},{"id":505021096,"label":"Wembley Downs - Churchlands - Woodlands"},{"id":505021097,"label":"Yokine - Coolbinia - Menora"},{"id":505031098,"label":"Alexander Heights - Koondoola"},{"id":505031099,"label":"Butler - Merriwa - Ridgewood"},{"id":505031100,"label":"Carramar"},{"id":505031101,"label":"Clarkson"},{"id":505031102,"label":"Girrawheen"},{"id":505031103,"label":"Madeley - Darch - Landsdale"},{"id":505031104,"label":"Marangaroo"},{"id":505031105,"label":"Mindarie - Quinns Rocks - Jindalee"},{"id":505031106,"label":"Neerabup National Park"},{"id":505031107,"label":"Tapping - Ashby - Sinagra"},{"id":505031108,"label":"Wanneroo"},{"id":505031255,"label":"Alkimos - Eglinton"},{"id":505031256,"label":"Carabooda - Pinjar"},{"id":505031257,"label":"Two Rocks"},{"id":505031258,"label":"Yanchep"},{"id":506011110,"label":"Armadale - Wungong - Brookdale"},{"id":506011111,"label":"Ashendon - Lesley"},{"id":506011112,"label":"Camillo - Champion Lakes"},{"id":506011113,"label":"Forrestdale - Harrisdale - Piara Waters"},{"id":506011114,"label":"Kelmscott"},{"id":506011115,"label":"Mount Nasura - Mount Richon - Bedfordale"},{"id":506011116,"label":"Roleystone"},{"id":506011117,"label":"Seville Grove"},{"id":506021118,"label":"Belmont - Ascot - Redcliffe"},{"id":506021119,"label":"East Victoria Park - Carlisle"},{"id":506021120,"label":"Kewdale Commercial"},{"id":506021121,"label":"Perth Airport"},{"id":506021122,"label":"Rivervale - Kewdale - Cloverdale"},{"id":506021123,"label":"Victoria Park - Lathlain - Burswood"},{"id":506031124,"label":"Bentley - Wilson - St James"},{"id":506031125,"label":"Canning Vale - West"},{"id":506031126,"label":"Canning Vale Commercial"},{"id":506031127,"label":"Cannington - Queens Park"},{"id":506031128,"label":"Parkwood - Ferndale - Lynwood"},{"id":506031129,"label":"Riverton - Shelley - Rossmoyne"},{"id":506031130,"label":"Welshpool"},{"id":506031131,"label":"Willetton"},{"id":506041132,"label":"Beckenham - Kenwick - Langford"},{"id":506041133,"label":"Canning Vale - East"},{"id":506041134,"label":"Gosnells"},{"id":506041135,"label":"Huntingdale - Southern River"},{"id":506041136,"label":"Maddington - Orange Grove - Martin"},{"id":506041137,"label":"Thornlie"},{"id":506051138,"label":"Forrestfield - Wattle Grove"},{"id":506051139,"label":"High Wycombe"},{"id":506051140,"label":"Kalamunda - Maida Vale - Gooseberry Hill"},{"id":506051141,"label":"Lesmurdie - Bickley - Carmel"},{"id":506061142,"label":"Byford"},{"id":506061143,"label":"Mundijong"},{"id":506061144,"label":"Serpentine - Jarrahdale"},{"id":506071145,"label":"Como"},{"id":506071146,"label":"Manning - Waterford"},{"id":506071147,"label":"South Perth - Kensington"},{"id":507011148,"label":"Banjup"},{"id":507011150,"label":"Bibra Industrial"},{"id":507011151,"label":"Bibra Lake"},{"id":507011152,"label":"Coogee"},{"id":507011153,"label":"Coolbellup"},{"id":507011154,"label":"Hamilton Hill"},{"id":507011155,"label":"Henderson"},{"id":507011158,"label":"North Coogee"},{"id":507011159,"label":"South Lake - Cockburn Central"},{"id":507011160,"label":"Spearwood"},{"id":507011161,"label":"Success - Hammond Park"},{"id":507011163,"label":"Yangebup"},{"id":507011259,"label":"Beeliar - Wattleup"},{"id":507011260,"label":"Jandakot"},{"id":507021164,"label":"East Fremantle"},{"id":507021165,"label":"Fremantle"},{"id":507021166,"label":"Fremantle - South"},{"id":507021167,"label":"O'Connor (WA)"},{"id":507031169,"label":"Bertram - Wellard (West)"},{"id":507031170,"label":"Calista"},{"id":507031172,"label":"Hope Valley - Postans"},{"id":507031173,"label":"Kwinana Industrial"},{"id":507031174,"label":"Parmelia - Orelia"},{"id":507031261,"label":"Casuarina - Wandi"},{"id":507041175,"label":"Applecross - Ardross"},{"id":507041176,"label":"Bateman"},{"id":507041177,"label":"Bicton - Palmyra"},{"id":507041178,"label":"Booragoon"},{"id":507041179,"label":"Bull Creek"},{"id":507041180,"label":"Leeming"},{"id":507041181,"label":"Melville"},{"id":507041182,"label":"Murdoch - Kardinya"},{"id":507041183,"label":"Willagee"},{"id":507041184,"label":"Winthrop"},{"id":507051185,"label":"Baldivis"},{"id":507051186,"label":"Cooloongup"},{"id":507051187,"label":"Port Kennedy"},{"id":507051188,"label":"Rockingham"},{"id":507051189,"label":"Rockingham Lakes"},{"id":507051190,"label":"Safety Bay - Shoalwater"},{"id":507051191,"label":"Singleton - Golden Bay - Secret Harbour"},{"id":507051192,"label":"Waikiki"},{"id":507051193,"label":"Warnbro"},{"id":509011225,"label":"Albany"},{"id":509011226,"label":"Albany Region"},{"id":509011227,"label":"Bayonet Head - Lower King"},{"id":509011228,"label":"Denmark"},{"id":509011229,"label":"Gnowangerup"},{"id":509011230,"label":"Katanning"},{"id":509011231,"label":"Kojonup"},{"id":509011232,"label":"Little Grove - Elleker"},{"id":509011233,"label":"McKail - Willyung"},{"id":509011234,"label":"Plantagenet"},{"id":509011235,"label":"Stirling Range National Park"},{"id":509021236,"label":"Chittering"},{"id":509021237,"label":"Cunderdin"},{"id":509021238,"label":"Dowerin"},{"id":509021239,"label":"Gingin - Dandaragan"},{"id":509021240,"label":"Merredin"},{"id":509021241,"label":"Moora"},{"id":509021242,"label":"Mukinbudin"},{"id":509021243,"label":"Northam"},{"id":509021244,"label":"Toodyay"},{"id":509021245,"label":"York - Beverley"},{"id":509031246,"label":"Brookton"},{"id":509031247,"label":"Kulin"},{"id":509031248,"label":"Murray"},{"id":509031249,"label":"Narrogin"},{"id":509031250,"label":"Wagin"},{"id":510011262,"label":"Broome"},{"id":510011263,"label":"Derby - West Kimberley"},{"id":510011264,"label":"Halls Creek"},{"id":510011265,"label":"Kununurra"},{"id":510011266,"label":"Roebuck"},{"id":510021267,"label":"East Pilbara"},{"id":510021268,"label":"Newman"},{"id":510021269,"label":"Port Hedland"},{"id":510021270,"label":"South Hedland"},{"id":510031271,"label":"Ashburton (WA)"},{"id":510031272,"label":"Karratha"},{"id":510031273,"label":"Roebourne"},{"id":511011274,"label":"Esperance"},{"id":511011275,"label":"Esperance Region"},{"id":511021276,"label":"Carnarvon"},{"id":511021277,"label":"Exmouth"},{"id":511031278,"label":"Boulder"},{"id":511031279,"label":"Kalgoorlie"},{"id":511031280,"label":"Kalgoorlie - North"},{"id":511031281,"label":"Kalgoorlie Airport"},{"id":511031282,"label":"Kambalda - Coolgardie - Norseman"},{"id":511031283,"label":"Leinster - Leonora"},{"id":511031284,"label":"Trafalgar (WA)"},{"id":511041285,"label":"Geraldton"},{"id":511041286,"label":"Geraldton - East"},{"id":511041287,"label":"Geraldton - North"},{"id":511041288,"label":"Geraldton - South"},{"id":511041289,"label":"Irwin"},{"id":511041290,"label":"Meekatharra"},{"id":511041291,"label":"Morawa"},{"id":511041292,"label":"Northampton - Mullewa - Greenough"},{"id":597979799,"label":"Migratory - Offshore - Shipping (WA)"},{"id":599999499,"label":"No usual address (WA)"},{"id":601011001,"label":"Bridgewater - Gagebrook"},{"id":601011002,"label":"Brighton - Pontville"},{"id":601011003,"label":"Old Beach - Otago"},{"id":601021004,"label":"Bellerive - Rosny"},{"id":601021005,"label":"Cambridge"},{"id":601021006,"label":"Geilston Bay - Risdon"},{"id":601021007,"label":"Howrah - Tranmere"},{"id":601021008,"label":"Lindisfarne - Rose Bay"},{"id":601021009,"label":"Mornington - Warrane"},{"id":601021010,"label":"Risdon Vale"},{"id":601021011,"label":"Rokeby"},{"id":601021012,"label":"South Arm"},{"id":601031013,"label":"Austins Ferry - Granton"},{"id":601031014,"label":"Berriedale - Chigwell"},{"id":601031015,"label":"Claremont (Tas.)"},{"id":601031016,"label":"Derwent Park - Lutana"},{"id":601031017,"label":"Glenorchy"},{"id":601031018,"label":"Montrose - Rosetta"},{"id":601031019,"label":"Moonah"},{"id":601031020,"label":"New Norfolk"},{"id":601031021,"label":"West Moonah"},{"id":601041022,"label":"Kingston - Huntingfield"},{"id":601041023,"label":"Kingston Beach - Blackmans Bay"},{"id":601041024,"label":"Margate - Snug"},{"id":601041025,"label":"Mount Wellington"},{"id":601041026,"label":"Taroona - Bonnet Hill"},{"id":601051027,"label":"Hobart"},{"id":601051028,"label":"Lenah Valley - Mount Stuart"},{"id":601051029,"label":"Mount Nelson - Dynnyrne"},{"id":601051030,"label":"New Town"},{"id":601051031,"label":"Sandy Bay"},{"id":601051032,"label":"South Hobart - Fern Tree"},{"id":601051033,"label":"West Hobart"},{"id":601061034,"label":"Dodges Ferry - Lewisham"},{"id":601061035,"label":"Sorell - Richmond"},{"id":602011036,"label":"Invermay"},{"id":602011037,"label":"Kings Meadows - Punchbowl"},{"id":602011038,"label":"Launceston"},{"id":602011039,"label":"Legana"},{"id":602011040,"label":"Mowbray"},{"id":602011041,"label":"Newnham - Mayfield"},{"id":602011042,"label":"Newstead"},{"id":602011043,"label":"Norwood (Tas.)"},{"id":602011044,"label":"Prospect Vale - Blackstone"},{"id":602011045,"label":"Ravenswood"},{"id":602011046,"label":"Riverside"},{"id":602011047,"label":"South Launceston"},{"id":602011048,"label":"Summerhill - Prospect"},{"id":602011049,"label":"Trevallyn"},{"id":602011050,"label":"Waverley - St Leonards"},{"id":602011051,"label":"West Launceston"},{"id":602011052,"label":"Youngtown - Relbia"},{"id":602021053,"label":"Beauty Point - Beaconsfield"},{"id":602021054,"label":"Deloraine"},{"id":602021055,"label":"Grindelwald - Lanena"},{"id":602021056,"label":"Hadspen - Carrick"},{"id":602021057,"label":"Westbury"},{"id":602031058,"label":"Dilston - Lilydale"},{"id":602031059,"label":"George Town"},{"id":602031060,"label":"Longford"},{"id":602031061,"label":"Northern Midlands"},{"id":602031062,"label":"Perth - Evandale"},{"id":602031064,"label":"St Helens - Scamander"},{"id":602031099,"label":"Flinders and Cape Barren Islands"},{"id":602031100,"label":"Scottsdale - Bridport"},{"id":603011065,"label":"Central Highlands"},{"id":603011066,"label":"Derwent Valley"},{"id":603011067,"label":"Southern Midlands"},{"id":603011068,"label":"Wilderness - East"},{"id":603021069,"label":"Bruny Island - Kettering"},{"id":603021070,"label":"Cygnet"},{"id":603021071,"label":"Geeveston - Dover"},{"id":603021072,"label":"Huonville - Franklin"},{"id":603031073,"label":"Forestier - Tasman"},{"id":603031074,"label":"Triabunna - Bicheno"},{"id":604011075,"label":"Acton - Upper Burnie"},{"id":604011076,"label":"Burnie - Ulverstone Region"},{"id":604011077,"label":"Burnie - Wivenhoe"},{"id":604011078,"label":"Parklands - Camdale"},{"id":604011079,"label":"Penguin - Sulphur Creek"},{"id":604011080,"label":"Romaine - Havenview"},{"id":604011081,"label":"Somerset"},{"id":604011082,"label":"Ulverstone"},{"id":604011083,"label":"West Ulverstone"},{"id":604011084,"label":"Wynyard"},{"id":604021085,"label":"Devonport"},{"id":604021086,"label":"East Devonport"},{"id":604021087,"label":"Latrobe"},{"id":604021088,"label":"Miandetta - Don"},{"id":604021089,"label":"Port Sorell"},{"id":604021090,"label":"Quoiba - Spreyton"},{"id":604021091,"label":"Sheffield - Railton"},{"id":604021092,"label":"Turners Beach - Forth"},{"id":604031093,"label":"King Island"},{"id":604031094,"label":"North West"},{"id":604031095,"label":"Smithton"},{"id":604031096,"label":"Waratah"},{"id":604031097,"label":"West Coast (Tas.)"},{"id":604031098,"label":"Wilderness - West"},{"id":697979799,"label":"Migratory - Offshore - Shipping (Tas.)"},{"id":699999499,"label":"No usual address (Tas.)"},{"id":701011001,"label":"Darwin Airport"},{"id":701011002,"label":"Darwin City"},{"id":701011003,"label":"East Point"},{"id":701011004,"label":"Fannie Bay - The Gardens"},{"id":701011005,"label":"Larrakeyah"},{"id":701011006,"label":"Ludmilla - The Narrows"},{"id":701011007,"label":"Parap"},{"id":701011008,"label":"Stuart Park"},{"id":701011009,"label":"Woolner - Bayview - Winnellie"},{"id":701021010,"label":"Alawa"},{"id":701021011,"label":"Anula"},{"id":701021012,"label":"Berrimah"},{"id":701021013,"label":"Brinkin - Nakara"},{"id":701021014,"label":"Buffalo Creek"},{"id":701021015,"label":"Charles Darwin"},{"id":701021016,"label":"Coconut Grove"},{"id":701021017,"label":"East Arm"},{"id":701021018,"label":"Jingili"},{"id":701021019,"label":"Karama"},{"id":701021020,"label":"Leanyer"},{"id":701021021,"label":"Lyons (NT)"},{"id":701021022,"label":"Malak - Marrara"},{"id":701021023,"label":"Millner"},{"id":701021024,"label":"Moil"},{"id":701021025,"label":"Nightcliff"},{"id":701021026,"label":"Rapid Creek"},{"id":701021027,"label":"Tiwi"},{"id":701021028,"label":"Wagaman"},{"id":701021029,"label":"Wanguri"},{"id":701021030,"label":"Wulagi"},{"id":701031031,"label":"Howard Springs"},{"id":701031032,"label":"Humpty Doo"},{"id":701031033,"label":"Koolpinyah"},{"id":701031034,"label":"Virginia"},{"id":701031035,"label":"Weddell"},{"id":701041036,"label":"Bakewell"},{"id":701041037,"label":"Driver"},{"id":701041038,"label":"Durack - Marlow Lagoon"},{"id":701041039,"label":"Gray"},{"id":701041040,"label":"Moulden"},{"id":701041041,"label":"Palmerston - North"},{"id":701041042,"label":"Palmerston - South"},{"id":701041043,"label":"Rosebery - Bellamack"},{"id":701041044,"label":"Woodroffe"},{"id":702011045,"label":"Charles"},{"id":702011046,"label":"East Side"},{"id":702011047,"label":"Flynn (NT)"},{"id":702011048,"label":"Larapinta"},{"id":702011049,"label":"Mount Johns"},{"id":702011050,"label":"Petermann - Simpson"},{"id":702011051,"label":"Ross"},{"id":702011052,"label":"Sandover - Plenty"},{"id":702011053,"label":"Tanami"},{"id":702011054,"label":"Yuendumu - Anmatjere"},{"id":702021055,"label":"Barkly"},{"id":702021056,"label":"Tennant Creek"},{"id":702031057,"label":"Alligator"},{"id":702031058,"label":"Daly"},{"id":702031059,"label":"Thamarrurr"},{"id":702031060,"label":"Tiwi Islands"},{"id":702031061,"label":"West Arnhem"},{"id":702041062,"label":"Anindilyakwa"},{"id":702041063,"label":"East Arnhem"},{"id":702041064,"label":"Nhulunbuy"},{"id":702051065,"label":"Elsey"},{"id":702051066,"label":"Gulf"},{"id":702051067,"label":"Katherine"},{"id":702051068,"label":"Victoria River"},{"id":797979799,"label":"Migratory - Offshore - Shipping (NT)"},{"id":799999499,"label":"No usual address (NT)"},{"id":801011001,"label":"Aranda"},{"id":801011002,"label":"Belconnen"},{"id":801011003,"label":"Bruce"},{"id":801011004,"label":"Charnwood"},{"id":801011005,"label":"Cook"},{"id":801011006,"label":"Dunlop"},{"id":801011007,"label":"Evatt"},{"id":801011008,"label":"Florey"},{"id":801011009,"label":"Flynn (ACT)"},{"id":801011010,"label":"Fraser"},{"id":801011011,"label":"Giralang"},{"id":801011012,"label":"Gooromon"},{"id":801011013,"label":"Hawker"},{"id":801011014,"label":"Higgins"},{"id":801011015,"label":"Holt"},{"id":801011016,"label":"Kaleen"},{"id":801011017,"label":"Latham"},{"id":801011018,"label":"Lawson"},{"id":801011019,"label":"Macgregor (ACT)"},{"id":801011020,"label":"Macquarie"},{"id":801011021,"label":"McKellar"},{"id":801011022,"label":"Melba"},{"id":801011023,"label":"Page"},{"id":801011024,"label":"Scullin"},{"id":801011025,"label":"Spence"},{"id":801011026,"label":"Weetangera"},{"id":801011111,"label":"Molonglo Corridor"},{"id":801011112,"label":"West Belconnen"},{"id":801031031,"label":"Hume"},{"id":801031032,"label":"Kowen"},{"id":801031113,"label":"Canberra East"},{"id":801031114,"label":"Canberra Airport"},{"id":801031115,"label":"Majura"},{"id":801041034,"label":"Amaroo"},{"id":801041035,"label":"Bonner"},{"id":801041036,"label":"Casey"},{"id":801041037,"label":"Crace"},{"id":801041038,"label":"Forde"},{"id":801041039,"label":"Franklin"},{"id":801041040,"label":"Gungahlin"},{"id":801041043,"label":"Hall"},{"id":801041044,"label":"Harrison"},{"id":801041045,"label":"Mitchell"},{"id":801041046,"label":"Ngunnawal"},{"id":801041047,"label":"Nicholls"},{"id":801041048,"label":"Palmerston"},{"id":801041116,"label":"Gungahlin - East"},{"id":801041117,"label":"Gungahlin - West"},{"id":801041118,"label":"Jacka"},{"id":801041119,"label":"Kenny"},{"id":801041120,"label":"Moncrieff"},{"id":801041121,"label":"Taylor"},{"id":801041122,"label":"Throsby"},{"id":801051049,"label":"Acton"},{"id":801051050,"label":"Ainslie"},{"id":801051051,"label":"Braddon"},{"id":801051053,"label":"Civic"},{"id":801051054,"label":"Dickson"},{"id":801051055,"label":"Downer"},{"id":801051056,"label":"Hackett"},{"id":801051057,"label":"Lyneham"},{"id":801051058,"label":"O'Connor (ACT)"},{"id":801051060,"label":"Turner"},{"id":801051061,"label":"Watson"},{"id":801051123,"label":"Black Mountain"},{"id":801051124,"label":"Campbell"},{"id":801051125,"label":"Duntroon"},{"id":801051126,"label":"Parkes (ACT) - North"},{"id":801051127,"label":"Reid"},{"id":801051128,"label":"Russell"},{"id":801061062,"label":"Deakin"},{"id":801061063,"label":"Forrest"},{"id":801061064,"label":"Griffith (ACT)"},{"id":801061066,"label":"Lake Burley Griffin"},{"id":801061067,"label":"Narrabundah"},{"id":801061068,"label":"Parkes (ACT) - South"},{"id":801061069,"label":"Red Hill (ACT)"},{"id":801061070,"label":"Yarralumla"},{"id":801061129,"label":"Barton"},{"id":801061130,"label":"Fyshwick"},{"id":801061131,"label":"Kingston (ACT)"},{"id":801071071,"label":"Banks"},{"id":801071072,"label":"Bonython"},{"id":801071073,"label":"Calwell"},{"id":801071074,"label":"Chisholm"},{"id":801071075,"label":"Conder"},{"id":801071076,"label":"Fadden"},{"id":801071077,"label":"Gilmore"},{"id":801071078,"label":"Gordon (ACT)"},{"id":801071079,"label":"Gowrie (ACT)"},{"id":801071080,"label":"Greenway"},{"id":801071081,"label":"Isabella Plains"},{"id":801071082,"label":"Kambah"},{"id":801071083,"label":"Macarthur"},{"id":801071084,"label":"Monash"},{"id":801071085,"label":"Mount Taylor"},{"id":801071086,"label":"Oxley (ACT)"},{"id":801071087,"label":"Richardson"},{"id":801071088,"label":"Theodore"},{"id":801071089,"label":"Tuggeranong"},{"id":801071090,"label":"Wanniassa"},{"id":801071132,"label":"Tuggeranong - West"},{"id":801081091,"label":"Chapman"},{"id":801081092,"label":"Duffy"},{"id":801081093,"label":"Fisher"},{"id":801081094,"label":"Holder"},{"id":801081095,"label":"Rivett"},{"id":801081096,"label":"Stirling"},{"id":801081097,"label":"Waramanga"},{"id":801081098,"label":"Weston"},{"id":801081133,"label":"Scrivener"},{"id":801091099,"label":"Chifley"},{"id":801091100,"label":"Curtin"},{"id":801091101,"label":"Farrer"},{"id":801091102,"label":"Garran"},{"id":801091103,"label":"Hughes"},{"id":801091104,"label":"Isaacs"},{"id":801091105,"label":"Lyons (ACT)"},{"id":801091106,"label":"Mawson"},{"id":801091107,"label":"O'Malley"},{"id":801091108,"label":"Pearce"},{"id":801091109,"label":"Phillip"},{"id":801091110,"label":"Torrens"},{"id":801101134,"label":"Arboretum"},{"id":801101135,"label":"Coombs"},{"id":801101136,"label":"Denman Prospect"},{"id":801101137,"label":"Molonglo"},{"id":801101138,"label":"Molonglo - North"},{"id":801101139,"label":"Wright"},{"id":801111140,"label":"ACT - South West"},{"id":801111141,"label":"Namadgi"},{"id":897979799,"label":"Migratory - Offshore - Shipping (ACT)"},{"id":899999499,"label":"No usual address (ACT)"},{"id":901011001,"label":"Christmas Island"},{"id":901021002,"label":"Cocos (Keeling) Islands"},{"id":901031003,"label":"Jervis Bay"},{"id":901041004,"label":"Norfolk Island"},{"id":997979799,"label":"Migratory - Offshore - Shipping (OT)"},{"id":999999499,"label":"No usual address (OT)"}]