{
"type": "FeatureCollection",
"crs": { "type": "name", "properties": { "name": "urn:ogc:def:crs:OGC:1.3:CRS84" } },
                                                                                
"features": [
{ "type": "Feature", "properties": { "scalerank": 8, "name": "Central Coast", "latitude": -33.420041, "longitude": 151.300005 }, "geometry": { "type": "Point", "coordinates": [ 151.300004841313012, -33.420041484817773 ] } },
{ "type": "Feature", "properties": { "scalerank": 8, "name": "Sunshine Coast", "latitude": -26.679988, "longitude": 153.050027 }, "geometry": { "type": "Point", "coordinates": [ 153.050027220877382, -26.679987773853327 ] } },
{ "type": "Feature", "properties": { "scalerank": 8, "name": "Bourke", "latitude": -30.100000, "longitude": 145.933333 }, "geometry": { "type": "Point", "coordinates": [ 145.933333299999958, -30.1 ] } },
{ "type": "Feature", "properties": { "scalerank": 7, "name": "Pine Creek", "latitude": -13.816173, "longitude": 131.816698 }, "geometry": { "type": "Point", "coordinates": [ 131.816697956469511, -13.816173483437296 ] } },
{ "type": "Feature", "properties": { "scalerank": 7, "name": "Adelaide River", "latitude": -13.249541, "longitude": 131.099998 }, "geometry": { "type": "Point", "coordinates": [ 131.099997517013435, -13.249541403356943 ] } },
{ "type": "Feature", "properties": { "scalerank": 7, "name": "McMinns Lagoon", "latitude": -12.532893, "longitude": 131.050026 }, "geometry": { "type": "Point", "coordinates": [ 131.050026406987399, -12.532892640333216 ] } },
{ "type": "Feature", "properties": { "scalerank": 7, "name": "Newcastle Waters", "latitude": -17.552793, "longitude": 133.467243 }, "geometry": { "type": "Point", "coordinates": [ 133.467243203871817, -17.552792949598029 ] } },
{ "type": "Feature", "properties": { "scalerank": 7, "name": "Ravensthorpe", "latitude": -33.582874, "longitude": 120.033335 }, "geometry": { "type": "Point", "coordinates": [ 120.033334512411898, -33.582873922969441 ] } },
{ "type": "Feature", "properties": { "scalerank": 7, "name": "Wagin", "latitude": -33.299584, "longitude": 117.349984 }, "geometry": { "type": "Point", "coordinates": [ 117.349984089223994, -33.299583721145495 ] } },
{ "type": "Feature", "properties": { "scalerank": 7, "name": "Roebourne", "latitude": -20.782932, "longitude": 117.133305 }, "geometry": { "type": "Point", "coordinates": [ 117.133304808624416, -20.782931702866222 ] } },
{ "type": "Feature", "properties": { "scalerank": 7, "name": "Pannawonica", "latitude": -21.636575, "longitude": 116.325034 }, "geometry": { "type": "Point", "coordinates": [ 116.325033731147187, -21.636574687895632 ] } },
{ "type": "Feature", "properties": { "scalerank": 7, "name": "Tom Price", "latitude": -22.693461, "longitude": 117.793058 }, "geometry": { "type": "Point", "coordinates": [ 117.793057819694582, -22.693461081129044 ] } },
{ "type": "Feature", "properties": { "scalerank": 7, "name": "Kalbarri", "latitude": -27.666181, "longitude": 114.166664 }, "geometry": { "type": "Point", "coordinates": [ 114.166664183612397, -27.666180807711498 ] } },
{ "type": "Feature", "properties": { "scalerank": 7, "name": "Mount Magnet", "latitude": -28.066208, "longitude": 117.816674 }, "geometry": { "type": "Point", "coordinates": [ 117.816673949251935, -28.066208070082837 ] } },
{ "type": "Feature", "properties": { "scalerank": 7, "name": "Morawa", "latitude": -29.216267, "longitude": 116.000041 }, "geometry": { "type": "Point", "coordinates": [ 116.000040648463596, -29.216267070738468 ] } },
{ "type": "Feature", "properties": { "scalerank": 7, "name": "Port Denison", "latitude": -29.282826, "longitude": 114.916644 }, "geometry": { "type": "Point", "coordinates": [ 114.91664424546434, -29.282826315530372 ] } },
{ "type": "Feature", "properties": { "scalerank": 7, "name": "Merredin", "latitude": -31.482847, "longitude": 118.266672 }, "geometry": { "type": "Point", "coordinates": [ 118.266672321649708, -31.482847067492344 ] } },
{ "type": "Feature", "properties": { "scalerank": 7, "name": "Mount Barker", "latitude": -34.632784, "longitude": 117.666606 }, "geometry": { "type": "Point", "coordinates": [ 117.66660558987644, -34.632783997843489 ] } },
{ "type": "Feature", "properties": { "scalerank": 7, "name": "Katanning", "latitude": -33.699559, "longitude": 117.550075 }, "geometry": { "type": "Point", "coordinates": [ 117.550075235058216, -33.699559307084542 ] } },
{ "type": "Feature", "properties": { "scalerank": 7, "name": "Narrogin", "latitude": -32.932888, "longitude": 117.166636 }, "geometry": { "type": "Point", "coordinates": [ 117.166636107452632, -32.932887757602259 ] } },
{ "type": "Feature", "properties": { "scalerank": 7, "name": "Gingin", "latitude": -31.349574, "longitude": 115.900047 }, "geometry": { "type": "Point", "coordinates": [ 115.900046751978834, -31.349573548611602 ] } },
{ "type": "Feature", "properties": { "scalerank": 7, "name": "Bunbury", "latitude": -33.344284, "longitude": 115.650243 }, "geometry": { "type": "Point", "coordinates": [ 115.650242878279869, -33.344283835077931 ] } },
{ "type": "Feature", "properties": { "scalerank": 7, "name": "Kwinana", "latitude": -32.239390, "longitude": 115.770236 }, "geometry": { "type": "Point", "coordinates": [ 115.770235554061514, -32.239390036245368 ] } },
{ "type": "Feature", "properties": { "scalerank": 7, "name": "Southern Cross", "latitude": -31.216145, "longitude": 119.316686 }, "geometry": { "type": "Point", "coordinates": [ 119.316685749388284, -31.216145000433983 ] } },
{ "type": "Feature", "properties": { "scalerank": 7, "name": "Kaltukatjara", "latitude": -25.788414, "longitude": 128.997335 }, "geometry": { "type": "Point", "coordinates": [ 128.997335163489424, -25.788414287521618 ] } },
{ "type": "Feature", "properties": { "scalerank": 7, "name": "Queanbeyan", "latitude": -35.354600, "longitude": 149.211347 }, "geometry": { "type": "Point", "coordinates": [ 149.211346800940078, -35.354600404096345 ] } },
{ "type": "Feature", "properties": { "scalerank": 7, "name": "Tweed Heads", "latitude": -28.182583, "longitude": 153.546638 }, "geometry": { "type": "Point", "coordinates": [ 153.546637735202239, -28.182583395604127 ] } },
{ "type": "Feature", "properties": { "scalerank": 7, "name": "Ivanhoe", "latitude": -32.899608, "longitude": 144.300019 }, "geometry": { "type": "Point", "coordinates": [ 144.300018675920455, -32.899608135206279 ] } },
{ "type": "Feature", "properties": { "scalerank": 7, "name": "Wilcannia", "latitude": -31.566201, "longitude": 143.383330 }, "geometry": { "type": "Point", "coordinates": [ 143.38333044349497, -31.566201152779172 ] } },
{ "type": "Feature", "properties": { "scalerank": 7, "name": "Merimbula", "latitude": -36.899622, "longitude": 149.900039 }, "geometry": { "type": "Point", "coordinates": [ 149.900038614094115, -36.899622376758828 ] } },
{ "type": "Feature", "properties": { "scalerank": 7, "name": "Echuca", "latitude": -36.129592, "longitude": 144.750017 }, "geometry": { "type": "Point", "coordinates": [ 144.750017048318, -36.129591859177594 ] } },
{ "type": "Feature", "properties": { "scalerank": 7, "name": "Deniliquin", "latitude": -35.529577, "longitude": 144.950005 }, "geometry": { "type": "Point", "coordinates": [ 144.950004841287523, -35.529576803836676 ] } },
{ "type": "Feature", "properties": { "scalerank": 7, "name": "Nowra", "latitude": -34.882846, "longitude": 150.600048 }, "geometry": { "type": "Point", "coordinates": [ 150.600047565919681, -34.882846253703804 ] } },
{ "type": "Feature", "properties": { "scalerank": 7, "name": "Ulladulla", "latitude": -35.349536, "longitude": 150.470030 }, "geometry": { "type": "Point", "coordinates": [ 150.470029662273419, -35.349536113731801 ] } },
{ "type": "Feature", "properties": { "scalerank": 7, "name": "Batemans Bay", "latitude": -35.689619, "longitude": 150.207307 }, "geometry": { "type": "Point", "coordinates": [ 150.207306680501347, -35.689618714644553 ] } },
{ "type": "Feature", "properties": { "scalerank": 7, "name": "Cooma", "latitude": -36.239559, "longitude": 149.120035 }, "geometry": { "type": "Point", "coordinates": [ 149.120034545080443, -36.239559307094737 ] } },
{ "type": "Feature", "properties": { "scalerank": 7, "name": "Tumut", "latitude": -35.309590, "longitude": 148.220038 }, "geometry": { "type": "Point", "coordinates": [ 148.220037800285013, -35.309590231570155 ] } },
{ "type": "Feature", "properties": { "scalerank": 7, "name": "Leeton", "latitude": -34.544934, "longitude": 146.397307 }, "geometry": { "type": "Point", "coordinates": [ 146.397306680486281, -34.544934062947334 ] } },
{ "type": "Feature", "properties": { "scalerank": 7, "name": "Young", "latitude": -34.309600, "longitude": 148.290008 }, "geometry": { "type": "Point", "coordinates": [ 148.290007689608274, -34.309599590290134 ] } },
{ "type": "Feature", "properties": { "scalerank": 7, "name": "Cowra", "latitude": -33.829629, "longitude": 148.680010 }, "geometry": { "type": "Point", "coordinates": [ 148.680009724115166, -33.82962888716321 ] } },
{ "type": "Feature", "properties": { "scalerank": 7, "name": "Forbes", "latitude": -33.389604, "longitude": 148.019998 }, "geometry": { "type": "Point", "coordinates": [ 148.019998330883141, -33.389604066197876 ] } },
{ "type": "Feature", "properties": { "scalerank": 7, "name": "Goulburn", "latitude": -34.749573, "longitude": 149.710179 }, "geometry": { "type": "Point", "coordinates": [ 149.710179401853452, -34.749572734823062 ] } },
{ "type": "Feature", "properties": { "scalerank": 7, "name": "Kiama", "latitude": -34.709575, "longitude": 150.840033 }, "geometry": { "type": "Point", "coordinates": [ 150.840032917483086, -34.70957517622918 ] } },
{ "type": "Feature", "properties": { "scalerank": 7, "name": "Katoomba", "latitude": -33.706949, "longitude": 150.320013 }, "geometry": { "type": "Point", "coordinates": [ 150.320012979330045, -33.706949036902301 ] } },
{ "type": "Feature", "properties": { "scalerank": 7, "name": "Richmond", "latitude": -33.599514, "longitude": 150.739987 }, "geometry": { "type": "Point", "coordinates": [ 150.739987344565975, -33.599513734167431 ] } },
{ "type": "Feature", "properties": { "scalerank": 7, "name": "Lithgow", "latitude": -33.496109, "longitude": 150.152788 }, "geometry": { "type": "Point", "coordinates": [ 150.152788044433464, -33.496109193151369 ] } },
{ "type": "Feature", "properties": { "scalerank": 7, "name": "Parkes", "latitude": -33.129568, "longitude": 148.170015 }, "geometry": { "type": "Point", "coordinates": [ 148.170015013826514, -33.129568258905181 ] } },
{ "type": "Feature", "properties": { "scalerank": 7, "name": "Bathurst", "latitude": -33.419628, "longitude": 149.570033 }, "geometry": { "type": "Point", "coordinates": [ 149.570032917477988, -33.41962807335949 ] } },
{ "type": "Feature", "properties": { "scalerank": 7, "name": "Maitland", "latitude": -32.720963, "longitude": 151.555028 }, "geometry": { "type": "Point", "coordinates": [ 151.555028034673455, -32.720962708773357 ] } },
{ "type": "Feature", "properties": { "scalerank": 7, "name": "Singleton", "latitude": -32.569499, "longitude": 151.160013 }, "geometry": { "type": "Point", "coordinates": [ 151.160013386234255, -32.569499085725852 ] } },
{ "type": "Feature", "properties": { "scalerank": 7, "name": "Mudgee", "latitude": -32.589601, "longitude": 149.580110 }, "geometry": { "type": "Point", "coordinates": [ 149.580109821774954, -32.589601217887378 ] } },
{ "type": "Feature", "properties": { "scalerank": 7, "name": "Muswellbrook", "latitude": -32.269569, "longitude": 150.890004 }, "geometry": { "type": "Point", "coordinates": [ 150.890004027509349, -32.26956907270386 ] } },
{ "type": "Feature", "properties": { "scalerank": 7, "name": "Taree", "latitude": -31.897602, "longitude": 152.461846 }, "geometry": { "type": "Point", "coordinates": [ 152.461846068531145, -31.897602113066853 ] } },
{ "type": "Feature", "properties": { "scalerank": 7, "name": "Kempsey", "latitude": -31.087367, "longitude": 152.822031 }, "geometry": { "type": "Point", "coordinates": [ 152.822030801605592, -31.087367331162682 ] } },
{ "type": "Feature", "properties": { "scalerank": 7, "name": "Gunnedah", "latitude": -30.987012, "longitude": 150.262290 }, "geometry": { "type": "Point", "coordinates": [ 150.262290404459918, -30.987011699651816 ] } },
{ "type": "Feature", "properties": { "scalerank": 7, "name": "Coffs Harbour", "latitude": -30.307053, "longitude": 153.112297 }, "geometry": { "type": "Point", "coordinates": [ 153.112297321789129, -30.307053203555313 ] } },
{ "type": "Feature", "properties": { "scalerank": 7, "name": "Narrabri", "latitude": -30.331910, "longitude": 149.787436 }, "geometry": { "type": "Point", "coordinates": [ 149.787435668130001, -30.331909567487685 ] } },
{ "type": "Feature", "properties": { "scalerank": 7, "name": "Inverell", "latitude": -29.766776, "longitude": 151.112574 }, "geometry": { "type": "Point", "coordinates": [ 151.112574421390377, -29.766776103943812 ] } },
{ "type": "Feature", "properties": { "scalerank": 7, "name": "Yamba", "latitude": -29.422991, "longitude": 153.353312 }, "geometry": { "type": "Point", "coordinates": [ 153.353311973030145, -29.422991364802783 ] } },
{ "type": "Feature", "properties": { "scalerank": 7, "name": "Ballina", "latitude": -28.861353, "longitude": 153.567980 }, "geometry": { "type": "Point", "coordinates": [ 153.56798010173884, -28.861353333757904 ] } },
{ "type": "Feature", "properties": { "scalerank": 7, "name": "Wagga Wagga", "latitude": -35.122160, "longitude": 147.339988 }, "geometry": { "type": "Point", "coordinates": [ 147.339988158354572, -35.122159811647521 ] } },
{ "type": "Feature", "properties": { "scalerank": 7, "name": "Scone", "latitude": -32.079607, "longitude": 150.850110 }, "geometry": { "type": "Point", "coordinates": [ 150.850109821780052, -32.079606507598839 ] } },
{ "type": "Feature", "properties": { "scalerank": 7, "name": "Byron Bay", "latitude": -28.656508, "longitude": 153.612887 }, "geometry": { "type": "Point", "coordinates": [ 153.612886921400445, -28.656507956152893 ] } },
{ "type": "Feature", "properties": { "scalerank": 7, "name": "Berri", "latitude": -34.282935, "longitude": 140.600038 }, "geometry": { "type": "Point", "coordinates": [ 140.600037800254654, -34.28293455122747 ] } },
{ "type": "Feature", "properties": { "scalerank": 7, "name": "Peterborough", "latitude": -32.966167, "longitude": 138.833324 }, "geometry": { "type": "Point", "coordinates": [ 138.833323933060001, -32.96616737999824 ] } },
{ "type": "Feature", "properties": { "scalerank": 7, "name": "Wallaroo", "latitude": -33.932878, "longitude": 137.633294 }, "geometry": { "type": "Point", "coordinates": [ 137.63329382237805, -33.932878398882394 ] } },
{ "type": "Feature", "properties": { "scalerank": 7, "name": "Clare", "latitude": -33.832885, "longitude": 138.600005 }, "geometry": { "type": "Point", "coordinates": [ 138.600004841262148, -33.832884502397576 ] } },
{ "type": "Feature", "properties": { "scalerank": 7, "name": "Meningie", "latitude": -35.699541, "longitude": 139.333345 }, "geometry": { "type": "Point", "coordinates": [ 139.333345091916271, -35.699540589644641 ] } },
{ "type": "Feature", "properties": { "scalerank": 7, "name": "Kingston South East", "latitude": -36.832805, "longitude": 139.850058 }, "geometry": { "type": "Point", "coordinates": [ 139.850057738402597, -36.832804749805405 ] } },
{ "type": "Feature", "properties": { "scalerank": 7, "name": "Bordertown", "latitude": -36.316195, "longitude": 140.766643 }, "geometry": { "type": "Point", "coordinates": [ 140.766642617963726, -36.31619545618355 ] } },
{ "type": "Feature", "properties": { "scalerank": 7, "name": "Penola", "latitude": -37.382952, "longitude": 140.816665 }, "geometry": { "type": "Point", "coordinates": [ 140.816665404422224, -37.382952047984702 ] } },
{ "type": "Feature", "properties": { "scalerank": 7, "name": "Kingoonya", "latitude": -30.899575, "longitude": 135.300000 }, "geometry": { "type": "Point", "coordinates": [ 135.299999551535507, -30.899575176214 ] } },
{ "type": "Feature", "properties": { "scalerank": 7, "name": "Kimba", "latitude": -33.149619, "longitude": 136.433367 }, "geometry": { "type": "Point", "coordinates": [ 136.433367064560798, -33.149618714634471 ] } },
{ "type": "Feature", "properties": { "scalerank": 7, "name": "Streaky Bay", "latitude": -32.811872, "longitude": 134.214930 }, "geometry": { "type": "Point", "coordinates": [ 134.214929646610358, -32.811871755785035 ] } },
{ "type": "Feature", "properties": { "scalerank": 7, "name": "Cowell", "latitude": -33.682868, "longitude": 136.916645 }, "geometry": { "type": "Point", "coordinates": [ 136.916645059354551, -33.682867819454259 ] } },
{ "type": "Feature", "properties": { "scalerank": 7, "name": "Tumby Bay", "latitude": -34.382928, "longitude": 136.083311 }, "geometry": { "type": "Point", "coordinates": [ 136.083310912215666, -34.382928447712288 ] } },
{ "type": "Feature", "properties": { "scalerank": 7, "name": "Andamooka", "latitude": -30.430973, "longitude": 137.165570 }, "geometry": { "type": "Point", "coordinates": [ 137.165570433704374, -30.430973288191296 ] } },
{ "type": "Feature", "properties": { "scalerank": 7, "name": "Woomera", "latitude": -31.149586, "longitude": 136.800011 }, "geometry": { "type": "Point", "coordinates": [ 136.800011351671742, -31.149585755642022 ] } },
{ "type": "Feature", "properties": { "scalerank": 7, "name": "Port Pirie", "latitude": -33.191063, "longitude": 137.990016 }, "geometry": { "type": "Point", "coordinates": [ 137.990016234488962, -33.191063213332484 ] } },
{ "type": "Feature", "properties": { "scalerank": 7, "name": "Gawler", "latitude": -34.607359, "longitude": 138.726354 }, "geometry": { "type": "Point", "coordinates": [ 138.726353718215819, -34.607359193155901 ] } },
{ "type": "Feature", "properties": { "scalerank": 7, "name": "Murray Bridge", "latitude": -35.129601, "longitude": 139.260016 }, "geometry": { "type": "Point", "coordinates": [ 139.260016234494174, -35.129601217897573 ] } },
{ "type": "Feature", "properties": { "scalerank": 7, "name": "Victor Harbor", "latitude": -35.559601, "longitude": 138.617316 }, "geometry": { "type": "Point", "coordinates": [ 138.617316446080054, -35.559600810998234 ] } },
{ "type": "Feature", "properties": { "scalerank": 7, "name": "Hamilton", "latitude": -37.731200, "longitude": 142.023413 }, "geometry": { "type": "Point", "coordinates": [ 142.023413451301963, -37.7311995251996 ] } },
{ "type": "Feature", "properties": { "scalerank": 7, "name": "Ouyen", "latitude": -35.066194, "longitude": 142.316677 }, "geometry": { "type": "Point", "coordinates": [ 142.316677204558232, -35.06619423547545 ] } },
{ "type": "Feature", "properties": { "scalerank": 7, "name": "Colac", "latitude": -38.339534, "longitude": 143.580011 }, "geometry": { "type": "Point", "coordinates": [ 143.580010944797777, -38.339534486139542 ] } },
{ "type": "Feature", "properties": { "scalerank": 7, "name": "Stawell", "latitude": -37.059613, "longitude": 142.760009 }, "geometry": { "type": "Point", "coordinates": [ 142.760009317190338, -37.059612611134412 ] } },
{ "type": "Feature", "properties": { "scalerank": 7, "name": "Horsham", "latitude": -36.709608, "longitude": 142.190018 }, "geometry": { "type": "Point", "coordinates": [ 142.190018269011034, -36.709608135221629 ] } },
{ "type": "Feature", "properties": { "scalerank": 7, "name": "Ararat", "latitude": -37.279548, "longitude": 142.909974 }, "geometry": { "type": "Point", "coordinates": [ 142.909974323701363, -37.27954750696864 ] } },
{ "type": "Feature", "properties": { "scalerank": 7, "name": "Maryborough", "latitude": -37.049587, "longitude": 143.729976 }, "geometry": { "type": "Point", "coordinates": [ 143.729975951308916, -37.049587383269852 ] } },
{ "type": "Feature", "properties": { "scalerank": 7, "name": "Bairnsdale", "latitude": -37.829591, "longitude": 147.609998 }, "geometry": { "type": "Point", "coordinates": [ 147.609997517079478, -37.829591452283296 ] } },
{ "type": "Feature", "properties": { "scalerank": 7, "name": "Sale", "latitude": -38.109574, "longitude": 147.060005 }, "geometry": { "type": "Point", "coordinates": [ 147.060005248197058, -38.109574362440753 ] } },
{ "type": "Feature", "properties": { "scalerank": 7, "name": "Traralgon", "latitude": -38.199595, "longitude": 146.530012 }, "geometry": { "type": "Point", "coordinates": [ 146.530011758611863, -38.199594707493191 ] } },
{ "type": "Feature", "properties": { "scalerank": 7, "name": "Wonthaggi", "latitude": -38.609492, "longitude": 145.590017 }, "geometry": { "type": "Point", "coordinates": [ 145.590017455222437, -38.609492168432325 ] } },
{ "type": "Feature", "properties": { "scalerank": 7, "name": "Cranbourne", "latitude": -38.099601, "longitude": 145.283370 }, "geometry": { "type": "Point", "coordinates": [ 145.283369506002487, -38.099600811008372 ] } },
{ "type": "Feature", "properties": { "scalerank": 7, "name": "Ballarat", "latitude": -37.559582, "longitude": 143.840047 }, "geometry": { "type": "Point", "coordinates": [ 143.840046752090416, -37.55958209355822 ] } },
{ "type": "Feature", "properties": { "scalerank": 7, "name": "Melton", "latitude": -37.689548, "longitude": 144.570028 }, "geometry": { "type": "Point", "coordinates": [ 144.570028034645475, -37.68954832077236 ] } },
{ "type": "Feature", "properties": { "scalerank": 7, "name": "Seymour", "latitude": -37.034239, "longitude": 145.127307 }, "geometry": { "type": "Point", "coordinates": [ 145.12730668048107, -37.034239482879173 ] } },
{ "type": "Feature", "properties": { "scalerank": 7, "name": "Shepparton", "latitude": -36.374590, "longitude": 145.391373 }, "geometry": { "type": "Point", "coordinates": [ 145.391373249492631, -36.374589824673421 ] } },
{ "type": "Feature", "properties": { "scalerank": 7, "name": "Cobram", "latitude": -35.919631, "longitude": 145.650014 }, "geometry": { "type": "Point", "coordinates": [ 145.65001379311343, -35.919630514775747 ] } },
{ "type": "Feature", "properties": { "scalerank": 7, "name": "Swan Hill", "latitude": -35.339614, "longitude": 143.540013 }, "geometry": { "type": "Point", "coordinates": [ 143.540013386204009, -35.33961423873177 ] } },
{ "type": "Feature", "properties": { "scalerank": 7, "name": "Sunbury", "latitude": -37.569607, "longitude": 144.710019 }, "geometry": { "type": "Point", "coordinates": [ 144.710019489724118, -37.56960732142295 ] } },
{ "type": "Feature", "properties": { "scalerank": 7, "name": "Proserpine", "latitude": -20.416236, "longitude": 148.583478 }, "geometry": { "type": "Point", "coordinates": [ 148.583478148594054, -20.416235739323042 ] } },
{ "type": "Feature", "properties": { "scalerank": 7, "name": "Theodore", "latitude": -24.949499, "longitude": 150.083335 }, "geometry": { "type": "Point", "coordinates": [ 150.083334919433128, -24.949499085695379 ] } },
{ "type": "Feature", "properties": { "scalerank": 7, "name": "Eidsvold", "latitude": -25.366218, "longitude": 151.133348 }, "geometry": { "type": "Point", "coordinates": [ 151.133348347171705, -25.366217835697 ] } },
{ "type": "Feature", "properties": { "scalerank": 7, "name": "Barcaldine", "latitude": -23.566173, "longitude": 145.283370 }, "geometry": { "type": "Point", "coordinates": [ 145.283369506002487, -23.566172669674188 ] } },
{ "type": "Feature", "properties": { "scalerank": 7, "name": "Winton", "latitude": -22.399629, "longitude": 143.033274 }, "geometry": { "type": "Point", "coordinates": [ 143.033274291149723, -22.399628887117444 ] } },
{ "type": "Feature", "properties": { "scalerank": 7, "name": "Longreach", "latitude": -23.449591, "longitude": 144.250048 }, "geometry": { "type": "Point", "coordinates": [ 144.250047565894192, -23.449590638423786 ] } },
{ "type": "Feature", "properties": { "scalerank": 7, "name": "Caboolture", "latitude": -27.082961, "longitude": 152.949982 }, "geometry": { "type": "Point", "coordinates": [ 152.949981647960271, -27.08296059286539 ] } },
{ "type": "Feature", "properties": { "scalerank": 7, "name": "Warwick", "latitude": -28.229247, "longitude": 152.020323 }, "geometry": { "type": "Point", "coordinates": [ 152.020322631029444, -28.229247213963731 ] } },
{ "type": "Feature", "properties": { "scalerank": 7, "name": "Kingaroy", "latitude": -26.538963, "longitude": 151.840592 }, "geometry": { "type": "Point", "coordinates": [ 151.840591999518324, -26.538962790128778 ] } },
{ "type": "Feature", "properties": { "scalerank": 7, "name": "Dalby", "latitude": -27.193858, "longitude": 151.265743 }, "geometry": { "type": "Point", "coordinates": [ 151.265743366703646, -27.193858216563683 ] } },
{ "type": "Feature", "properties": { "scalerank": 7, "name": "Bongaree", "latitude": -27.078723, "longitude": 153.150900 }, "geometry": { "type": "Point", "coordinates": [ 153.150899616711285, -27.078723125417412 ] } },
{ "type": "Feature", "properties": { "scalerank": 7, "name": "Gympie", "latitude": -26.188597, "longitude": 152.670929 }, "geometry": { "type": "Point", "coordinates": [ 152.670928913584362, -26.188596579189891 ] } },
{ "type": "Feature", "properties": { "scalerank": 7, "name": "Ingham", "latitude": -18.649574, "longitude": 146.166623 }, "geometry": { "type": "Point", "coordinates": [ 146.166623086735171, -18.649573548560795 ] } },
{ "type": "Feature", "properties": { "scalerank": 7, "name": "Birdsville", "latitude": -25.899622, "longitude": 139.366625 }, "geometry": { "type": "Point", "coordinates": [ 139.366624714312252, -25.899621969813779 ] } },
{ "type": "Feature", "properties": { "scalerank": 7, "name": "Bedourie", "latitude": -24.349587, "longitude": 139.466619 }, "geometry": { "type": "Point", "coordinates": [ 139.466618610797013, -24.349587383219045 ] } },
{ "type": "Feature", "properties": { "scalerank": 7, "name": "Boulia", "latitude": -22.899598, "longitude": 139.900029 }, "geometry": { "type": "Point", "coordinates": [ 139.90002884842886, -22.899598369541309 ] } },
{ "type": "Feature", "properties": { "scalerank": 7, "name": "Richmond", "latitude": -20.716269, "longitude": 143.133320 }, "geometry": { "type": "Point", "coordinates": [ 143.133319864066834, -20.716269105209676 ] } },
{ "type": "Feature", "properties": { "scalerank": 7, "name": "Burketown", "latitude": -17.716090, "longitude": 139.566613 }, "geometry": { "type": "Point", "coordinates": [ 139.566612507281775, -17.716090475640385 ] } },
{ "type": "Feature", "properties": { "scalerank": 7, "name": "Hervey Bay", "latitude": -25.288703, "longitude": 152.840944 }, "geometry": { "type": "Point", "coordinates": [ 152.840944375824392, -25.288703187259273 ] } },
{ "type": "Feature", "properties": { "scalerank": 7, "name": "Biloela", "latitude": -24.393564, "longitude": 150.496075 }, "geometry": { "type": "Point", "coordinates": [ 150.49607458414846, -24.393564027099387 ] } },
{ "type": "Feature", "properties": { "scalerank": 7, "name": "Yeppoon", "latitude": -23.132917, "longitude": 150.756731 }, "geometry": { "type": "Point", "coordinates": [ 150.756730508628607, -23.132917461339161 ] } },
{ "type": "Feature", "properties": { "scalerank": 7, "name": "Emerald", "latitude": -23.512222, "longitude": 148.167328 }, "geometry": { "type": "Point", "coordinates": [ 148.167327839347536, -23.512222474361522 ] } },
{ "type": "Feature", "properties": { "scalerank": 7, "name": "Moranbah", "latitude": -22.001565, "longitude": 148.038033 }, "geometry": { "type": "Point", "coordinates": [ 148.03803340575314, -22.001565329173161 ] } },
{ "type": "Feature", "properties": { "scalerank": 7, "name": "Charters Towers", "latitude": -20.080907, "longitude": 146.258710 }, "geometry": { "type": "Point", "coordinates": [ 146.258710489079476, -20.080907370181137 ] } },
{ "type": "Feature", "properties": { "scalerank": 7, "name": "Ayr", "latitude": -19.570241, "longitude": 147.399468 }, "geometry": { "type": "Point", "coordinates": [ 147.399467731922527, -19.570240866272798 ] } },
{ "type": "Feature", "properties": { "scalerank": 7, "name": "Atherton", "latitude": -17.270278, "longitude": 145.469353 }, "geometry": { "type": "Point", "coordinates": [ 145.469352985821047, -17.270277894258413 ] } },
{ "type": "Feature", "properties": { "scalerank": 7, "name": "Port Douglas", "latitude": -16.484588, "longitude": 145.458722 }, "geometry": { "type": "Point", "coordinates": [ 145.458721849611493, -16.484588122179105 ] } },
{ "type": "Feature", "properties": { "scalerank": 7, "name": "Smithton", "latitude": -40.832922, "longitude": 145.116661 }, "geometry": { "type": "Point", "coordinates": [ 145.11666133542883, -40.832922344222482 ] } },
{ "type": "Feature", "properties": { "scalerank": 7, "name": "Scottsdale", "latitude": -41.149492, "longitude": 147.516670 }, "geometry": { "type": "Point", "coordinates": [ 147.516669880360382, -41.149492168442464 ] } },
{ "type": "Feature", "properties": { "scalerank": 7, "name": "Bicheno", "latitude": -41.878388, "longitude": 148.288612 }, "geometry": { "type": "Point", "coordinates": [ 148.288612425936321, -41.878388245919382 ] } },
{ "type": "Feature", "properties": { "scalerank": 7, "name": "Oatlands", "latitude": -42.299603, "longitude": 147.366602 }, "geometry": { "type": "Point", "coordinates": [ 147.366601520985, -42.299602845530387 ] } },
{ "type": "Feature", "properties": { "scalerank": 7, "name": "Queenstown", "latitude": -42.082924, "longitude": 145.550020 }, "geometry": { "type": "Point", "coordinates": [ 145.550019896628555, -42.082923564930582 ] } },
{ "type": "Feature", "properties": { "scalerank": 7, "name": "Kingston", "latitude": -42.991137, "longitude": 147.308414 }, "geometry": { "type": "Point", "coordinates": [ 147.308413858224185, -42.991136862460223 ] } },
{ "type": "Feature", "properties": { "scalerank": 6, "name": "Tennant Creek", "latitude": -19.650029, "longitude": 134.200015 }, "geometry": { "type": "Point", "coordinates": [ 134.200015013770667, -19.650029277731448 ] } },
{ "type": "Feature", "properties": { "scalerank": 6, "name": "Yulara", "latitude": -25.240541, "longitude": 130.988893 }, "geometry": { "type": "Point", "coordinates": [ 130.988893187585859, -25.240540752363188 ] } },
{ "type": "Feature", "properties": { "scalerank": 6, "name": "Erldunda", "latitude": -25.233306, "longitude": 133.199973 }, "geometry": { "type": "Point", "coordinates": [ 133.199972696058353, -25.233306051842305 ] } },
{ "type": "Feature", "properties": { "scalerank": 6, "name": "Norseman", "latitude": -32.200013, "longitude": 121.766614 }, "geometry": { "type": "Point", "coordinates": [ 121.766613727913636, -32.200012594838938 ] } },
{ "type": "Feature", "properties": { "scalerank": 6, "name": "Halls Creek", "latitude": -18.266703, "longitude": 127.766713 }, "geometry": { "type": "Point", "coordinates": [ 127.766712604890813, -18.266702861710257 ] } },
{ "type": "Feature", "properties": { "scalerank": 6, "name": "Kununurra", "latitude": -15.766597, "longitude": 128.733320 }, "geometry": { "type": "Point", "coordinates": [ 128.733320270910212, -15.766597067429416 ] } },
{ "type": "Feature", "properties": { "scalerank": 6, "name": "Derby", "latitude": -17.299992, "longitude": 123.966634 }, "geometry": { "type": "Point", "coordinates": [ 123.966634479875552, -17.299991842826273 ] } },
{ "type": "Feature", "properties": { "scalerank": 6, "name": "Onslow", "latitude": -21.657594, "longitude": 115.096296 }, "geometry": { "type": "Point", "coordinates": [ 115.096295908131992, -21.657593535751573 ] } },
{ "type": "Feature", "properties": { "scalerank": 6, "name": "Exmouth", "latitude": -21.931100, "longitude": 114.123347 }, "geometry": { "type": "Point", "coordinates": [ 114.123346934838082, -21.931099867376929 ] } },
{ "type": "Feature", "properties": { "scalerank": 6, "name": "Carnarvon", "latitude": -24.899838, "longitude": 113.650107 }, "geometry": { "type": "Point", "coordinates": [ 113.650106566422778, -24.899838034262871 ] } },
{ "type": "Feature", "properties": { "scalerank": 6, "name": "Newman", "latitude": -23.366598, "longitude": 119.733301 }, "geometry": { "type": "Point", "coordinates": [ 119.733301146525491, -23.366598288162947 ] } },
{ "type": "Feature", "properties": { "scalerank": 6, "name": "Meekatharra", "latitude": -26.599993, "longitude": 118.483300 }, "geometry": { "type": "Point", "coordinates": [ 118.483299925817278, -26.599992656665506 ] } },
{ "type": "Feature", "properties": { "scalerank": 6, "name": "Three Springs", "latitude": -29.533302, "longitude": 115.749978 }, "geometry": { "type": "Point", "coordinates": [ 115.749978392603225, -29.533301982849082 ] } },
{ "type": "Feature", "properties": { "scalerank": 6, "name": "Manjimup", "latitude": -34.233325, "longitude": 116.150006 }, "geometry": { "type": "Point", "coordinates": [ 116.150005654974734, -34.233325176227311 ] } },
{ "type": "Feature", "properties": { "scalerank": 6, "name": "Northam", "latitude": -31.656583, "longitude": 116.653386 }, "geometry": { "type": "Point", "coordinates": [ 116.653385781929728, -31.656583232857656 ] } },
{ "type": "Feature", "properties": { "scalerank": 6, "name": "Esperance", "latitude": -33.857307, "longitude": 121.888897 }, "geometry": { "type": "Point", "coordinates": [ 121.888897254524863, -33.857307000045182 ] } },
{ "type": "Feature", "properties": { "scalerank": 6, "name": "Leonara", "latitude": -28.881507, "longitude": 121.328036 }, "geometry": { "type": "Point", "coordinates": [ 121.328035847052661, -28.881507142351722 ] } },
{ "type": "Feature", "properties": { "scalerank": 6, "name": "Laverton", "latitude": -28.627001, "longitude": 122.404043 }, "geometry": { "type": "Point", "coordinates": [ 122.404042520234043, -28.62700071331426 ] } },
{ "type": "Feature", "properties": { "scalerank": 6, "name": "Wyndham", "latitude": -15.373960, "longitude": 128.360061 }, "geometry": { "type": "Point", "coordinates": [ 128.360061400465952, -15.373959534875837 ] } },
{ "type": "Feature", "properties": { "scalerank": 6, "name": "Albury", "latitude": -36.060035, "longitude": 146.920014 }, "geometry": { "type": "Point", "coordinates": [ 146.920013793118414, -36.060035381312787 ] } },
{ "type": "Feature", "properties": { "scalerank": 6, "name": "Forster-Tuncurry", "latitude": -32.193140, "longitude": 152.526648 }, "geometry": { "type": "Point", "coordinates": [ 152.526648314625277, -32.193139629344159 ] } },
{ "type": "Feature", "properties": { "scalerank": 6, "name": "Port Macquarie", "latitude": -31.445020, "longitude": 152.918666 }, "geometry": { "type": "Point", "coordinates": [ 152.918665729991403, -31.44501991905463 ] } },
{ "type": "Feature", "properties": { "scalerank": 6, "name": "Tamworth", "latitude": -31.102612, "longitude": 150.917134 }, "geometry": { "type": "Point", "coordinates": [ 150.917134154462701, -31.102611878688776 ] } },
{ "type": "Feature", "properties": { "scalerank": 6, "name": "Grafton", "latitude": -29.711999, "longitude": 152.937683 }, "geometry": { "type": "Point", "coordinates": [ 152.937682657074788, -29.71199908571441 ] } },
{ "type": "Feature", "properties": { "scalerank": 6, "name": "Moree", "latitude": -29.469895, "longitude": 149.830069 }, "geometry": { "type": "Point", "coordinates": [ 149.83006872477074, -29.469895000427016 ] } },
{ "type": "Feature", "properties": { "scalerank": 6, "name": "Goondiwindi", "latitude": -28.554809, "longitude": 150.325284 }, "geometry": { "type": "Point", "coordinates": [ 150.325283975423872, -28.554808737402539 ] } },
{ "type": "Feature", "properties": { "scalerank": 6, "name": "Lismore", "latitude": -28.816653, "longitude": 153.293113 }, "geometry": { "type": "Point", "coordinates": [ 153.293113158378446, -28.816653219825469 ] } },
{ "type": "Feature", "properties": { "scalerank": 6, "name": "Wollongong", "latitude": -34.415381, "longitude": 150.890004 }, "geometry": { "type": "Point", "coordinates": [ 150.890004027509349, -34.41538124719159 ] } },
{ "type": "Feature", "properties": { "scalerank": 6, "name": "Ceduna", "latitude": -32.099135, "longitude": 133.662267 }, "geometry": { "type": "Point", "coordinates": [ 133.66226738911098, -32.09913463807635 ] } },
{ "type": "Feature", "properties": { "scalerank": 6, "name": "Mount Gambier", "latitude": -37.831348, "longitude": 140.765041 }, "geometry": { "type": "Point", "coordinates": [ 140.765040648562717, -37.831348450981295 ] } },
{ "type": "Feature", "properties": { "scalerank": 6, "name": "Port Augusta", "latitude": -32.490021, "longitude": 137.770030 }, "geometry": { "type": "Point", "coordinates": [ 137.770029662222555, -32.490020732860955 ] } },
{ "type": "Feature", "properties": { "scalerank": 6, "name": "Warrnambool", "latitude": -38.379997, "longitude": 142.470001 }, "geometry": { "type": "Point", "coordinates": [ 142.470001179168321, -38.379997132624112 ] } },
{ "type": "Feature", "properties": { "scalerank": 6, "name": "Mildura", "latitude": -34.185008, "longitude": 142.151364 }, "geometry": { "type": "Point", "coordinates": [ 142.151364297656642, -34.185007712034349 ] } },
{ "type": "Feature", "properties": { "scalerank": 6, "name": "Geelong", "latitude": -38.167495, "longitude": 144.395634 }, "geometry": { "type": "Point", "coordinates": [ 144.395633505218598, -38.167495047094633 ] } },
{ "type": "Feature", "properties": { "scalerank": 6, "name": "Camooweal", "latitude": -19.916731, "longitude": 138.116675 }, "geometry": { "type": "Point", "coordinates": [ 138.116675170036387, -19.916731344789866 ] } },
{ "type": "Feature", "properties": { "scalerank": 6, "name": "Quilpie", "latitude": -26.616632, "longitude": 144.250048 }, "geometry": { "type": "Point", "coordinates": [ 144.250047565894192, -26.616632467863496 ] } },
{ "type": "Feature", "properties": { "scalerank": 6, "name": "Charleville", "latitude": -26.400005, "longitude": 146.250029 }, "geometry": { "type": "Point", "coordinates": [ 146.250028848454235, -26.400004863695926 ] } },
{ "type": "Feature", "properties": { "scalerank": 6, "name": "Hughenden", "latitude": -20.850008, "longitude": 144.200025 }, "geometry": { "type": "Point", "coordinates": [ 144.200024779435694, -20.85000771198105 ] } },
{ "type": "Feature", "properties": { "scalerank": 6, "name": "Caloundra", "latitude": -26.800032, "longitude": 153.133330 }, "geometry": { "type": "Point", "coordinates": [ 153.133329629731861, -26.800032126067379 ] } },
{ "type": "Feature", "properties": { "scalerank": 6, "name": "Roma", "latitude": -26.559375, "longitude": 148.790701 }, "geometry": { "type": "Point", "coordinates": [ 148.790700642084289, -26.559374980884058 ] } },
{ "type": "Feature", "properties": { "scalerank": 6, "name": "Toowoomba", "latitude": -27.564533, "longitude": 151.955520 }, "geometry": { "type": "Point", "coordinates": [ 151.955520384935653, -27.564533265393266 ] } },
{ "type": "Feature", "properties": { "scalerank": 6, "name": "Georgetown", "latitude": -18.300034, "longitude": 143.533295 }, "geometry": { "type": "Point", "coordinates": [ 143.533295450006108, -18.30003416053853 ] } },
{ "type": "Feature", "properties": { "scalerank": 6, "name": "Thargomindah", "latitude": -27.999959, "longitude": 143.816689 }, "geometry": { "type": "Point", "coordinates": [ 143.816689004694467, -27.999958883884688 ] } },
{ "type": "Feature", "properties": { "scalerank": 6, "name": "Weipa", "latitude": -12.666631, "longitude": 141.866627 }, "geometry": { "type": "Point", "coordinates": [ 141.866627155728452, -12.666631247104533 ] } },
{ "type": "Feature", "properties": { "scalerank": 6, "name": "Karumba", "latitude": -17.483340, "longitude": 140.833409 }, "geometry": { "type": "Point", "coordinates": [ 140.833408568484856, -17.483339824597806 ] } },
{ "type": "Feature", "properties": { "scalerank": 6, "name": "Cloncurry", "latitude": -20.699991, "longitude": 140.499992 }, "geometry": { "type": "Point", "coordinates": [ 140.499992227337543, -20.69999102903779 ] } },
{ "type": "Feature", "properties": { "scalerank": 6, "name": "Maryborough", "latitude": -25.549101, "longitude": 152.720900 }, "geometry": { "type": "Point", "coordinates": [ 152.720900023610625, -25.549100729578015 ] } },
{ "type": "Feature", "properties": { "scalerank": 6, "name": "Bundaberg", "latitude": -24.879064, "longitude": 152.350897 }, "geometry": { "type": "Point", "coordinates": [ 152.350896768400503, -24.879064108481487 ] } },
{ "type": "Feature", "properties": { "scalerank": 6, "name": "Gladstone", "latitude": -23.853339, "longitude": 151.246726 }, "geometry": { "type": "Point", "coordinates": [ 151.246726439620147, -23.853338603920179 ] } },
{ "type": "Feature", "properties": { "scalerank": 6, "name": "Bowen", "latitude": -20.001326, "longitude": 148.208669 }, "geometry": { "type": "Point", "coordinates": [ 148.208668985180907, -20.001325664451656 ] } },
{ "type": "Feature", "properties": { "scalerank": 6, "name": "Innisfail", "latitude": -17.531347, "longitude": 146.038672 }, "geometry": { "type": "Point", "coordinates": [ 146.038672240380492, -17.5313472301969 ] } },
{ "type": "Feature", "properties": { "scalerank": 6, "name": "Mackay", "latitude": -21.143892, "longitude": 149.150007 }, "geometry": { "type": "Point", "coordinates": [ 149.150006875809595, -21.143891582424942 ] } },
{ "type": "Feature", "properties": { "scalerank": 6, "name": "Burnie", "latitude": -41.066603, "longitude": 145.916664 }, "geometry": { "type": "Point", "coordinates": [ 145.916664183739499, -41.066603171046324 ] } },
{ "type": "Feature", "properties": { "scalerank": 6, "name": "Launceston", "latitude": -41.449836, "longitude": 147.130182 }, "geometry": { "type": "Point", "coordinates": [ 147.130181843249488, -41.449835592922796 ] } },
{ "type": "Feature", "properties": { "scalerank": 2, "name": "Katherine", "latitude": -14.466625, "longitude": 132.266593 }, "geometry": { "type": "Point", "coordinates": [ 132.266592976002698, -14.466624736695053 ] } },
{ "type": "Feature", "properties": { "scalerank": 2, "name": "Busselton", "latitude": -33.656409, "longitude": 115.348659 }, "geometry": { "type": "Point", "coordinates": [ 115.348659219424349, -33.656409486120879 ] } },
{ "type": "Feature", "properties": { "scalerank": 2, "name": "Mandurah", "latitude": -32.523483, "longitude": 115.747057 }, "geometry": { "type": "Point", "coordinates": [ 115.747056665672403, -32.523482590412527 ] } },
{ "type": "Feature", "properties": { "scalerank": 2, "name": "Broome", "latitude": -17.961771, "longitude": 122.230768 }, "geometry": { "type": "Point", "coordinates": [ 122.23076810262171, -17.961770693462199 ] } },
{ "type": "Feature", "properties": { "scalerank": 2, "name": "Kalgoorlie", "latitude": -30.735399, "longitude": 121.460017 }, "geometry": { "type": "Point", "coordinates": [ 121.460017455125922, -30.73539915082273 ] } },
{ "type": "Feature", "properties": { "scalerank": 2, "name": "Albany", "latitude": -35.016947, "longitude": 117.891605 }, "geometry": { "type": "Point", "coordinates": [ 117.891604776075155, -35.016946595501224 ] } },
{ "type": "Feature", "properties": { "scalerank": 2, "name": "Port Hedland", "latitude": -20.310402, "longitude": 118.606031 }, "geometry": { "type": "Point", "coordinates": [ 118.606031452510365, -20.310402405989237 ] } },
{ "type": "Feature", "properties": { "scalerank": 2, "name": "Karratha", "latitude": -20.730377, "longitude": 116.870013 }, "geometry": { "type": "Point", "coordinates": [ 116.870013386097412, -20.730376771225394 ] } },
{ "type": "Feature", "properties": { "scalerank": 2, "name": "Geraldton", "latitude": -28.766630, "longitude": 114.599971 }, "geometry": { "type": "Point", "coordinates": [ 114.599971068379887, -28.766630433366913 ] } },
{ "type": "Feature", "properties": { "scalerank": 2, "name": "Griffith", "latitude": -34.290014, "longitude": 146.040016 }, "geometry": { "type": "Point", "coordinates": [ 146.040015827620209, -34.290014222451475 ] } },
{ "type": "Feature", "properties": { "scalerank": 2, "name": "Orange", "latitude": -33.279998, "longitude": 149.099984 }, "geometry": { "type": "Point", "coordinates": [ 149.099984089351096, -33.27999835330678 ] } },
{ "type": "Feature", "properties": { "scalerank": 2, "name": "Dubbo", "latitude": -32.259957, "longitude": 148.597327 }, "geometry": { "type": "Point", "coordinates": [ 148.597327432447969, -32.259957256297412 ] } },
{ "type": "Feature", "properties": { "scalerank": 2, "name": "Armidale", "latitude": -30.512312, "longitude": 151.667476 }, "geometry": { "type": "Point", "coordinates": [ 151.667475951340634, -30.512311992618606 ] } },
{ "type": "Feature", "properties": { "scalerank": 2, "name": "Broken Hill", "latitude": -31.949950, "longitude": 141.433114 }, "geometry": { "type": "Point", "coordinates": [ 141.433113565231793, -31.949950338978624 ] } },
{ "type": "Feature", "properties": { "scalerank": 2, "name": "Port Lincoln", "latitude": -34.733243, "longitude": 135.866580 }, "geometry": { "type": "Point", "coordinates": [ 135.866579955183738, -34.733242982218883 ] } },
{ "type": "Feature", "properties": { "scalerank": 2, "name": "Whyalla", "latitude": -33.025027, "longitude": 137.561412 }, "geometry": { "type": "Point", "coordinates": [ 137.561411905060368, -33.025026836378743 ] } },
{ "type": "Feature", "properties": { "scalerank": 2, "name": "Portland", "latitude": -38.340000, "longitude": 141.590003 }, "geometry": { "type": "Point", "coordinates": [ 141.590003213670002, -38.33999957403023 ] } },
{ "type": "Feature", "properties": { "scalerank": 2, "name": "Bendigo", "latitude": -36.759993, "longitude": 144.280020 }, "geometry": { "type": "Point", "coordinates": [ 144.280019896623457, -36.759992656706117 ] } },
{ "type": "Feature", "properties": { "scalerank": 2, "name": "Wangaratta", "latitude": -36.360017, "longitude": 146.300000 }, "geometry": { "type": "Point", "coordinates": [ 146.299999958480498, -36.360017070767071 ] } },
{ "type": "Feature", "properties": { "scalerank": 2, "name": "Windorah", "latitude": -25.433242, "longitude": 142.650197 }, "geometry": { "type": "Point", "coordinates": [ 142.650196898570016, -25.433242168379593 ] } },
{ "type": "Feature", "properties": { "scalerank": 2, "name": "Mount Isa", "latitude": -20.723866, "longitude": 139.490028 }, "geometry": { "type": "Point", "coordinates": [ 139.490028034625198, -20.723865540756549 ] } },
{ "type": "Feature", "properties": { "scalerank": 2, "name": "Rockhampton", "latitude": -23.363911, "longitude": 150.520001 }, "geometry": { "type": "Point", "coordinates": [ 150.520000772299682, -23.363911113683855 ] } },
{ "type": "Feature", "properties": { "scalerank": 2, "name": "Cairns", "latitude": -16.887840, "longitude": 145.763331 }, "geometry": { "type": "Point", "coordinates": [ 145.763330946074234, -16.887839858605503 ] } },
{ "type": "Feature", "properties": { "scalerank": 2, "name": "Gold Coast", "latitude": -28.081504, "longitude": 153.448246 }, "geometry": { "type": "Point", "coordinates": [ 153.448245808118486, -28.081504294041224 ] } },
{ "type": "Feature", "properties": { "scalerank": 2, "name": "Devonport", "latitude": -41.192668, "longitude": 146.331102 }, "geometry": { "type": "Point", "coordinates": [ 146.331101744179591, -41.192667565437318 ] } },
{ "type": "Feature", "properties": { "scalerank": 0, "name": "Darwin", "latitude": -12.425354, "longitude": 130.850039 }, "geometry": { "type": "Point", "coordinates": [ 130.850038614017762, -12.425353984733761 ] } },
{ "type": "Feature", "properties": { "scalerank": 2, "name": "Alice Springs", "latitude": -23.700996, "longitude": 133.880035 }, "geometry": { "type": "Point", "coordinates": [ 133.880034545019498, -23.700996481523703 ] } },
{ "type": "Feature", "properties": { "scalerank": 0, "name": "Canberra", "latitude": -35.283029, "longitude": 149.129026 }, "geometry": { "type": "Point", "coordinates": [ 149.129026244299212, -35.283028545372076 ] } },
{ "type": "Feature", "properties": { "scalerank": 2, "name": "Newcastle", "latitude": -32.845348, "longitude": 151.815012 }, "geometry": { "type": "Point", "coordinates": [ 151.815012165533972, -32.845347881299858 ] } },
{ "type": "Feature", "properties": { "scalerank": 0, "name": "Adelaide", "latitude": -34.934988, "longitude": 138.600005 }, "geometry": { "type": "Point", "coordinates": [ 138.598058982649263, -34.933041915273463 ] } },
{ "type": "Feature", "properties": { "scalerank": 2, "name": "Townsville", "latitude": -19.249950, "longitude": 146.769997 }, "geometry": { "type": "Point", "coordinates": [ 146.769997110175041, -19.249950338927817 ] } },
{ "type": "Feature", "properties": { "scalerank": 0, "name": "Brisbane", "latitude": -27.455031, "longitude": 153.035093 }, "geometry": { "type": "Point", "coordinates": [ 153.033146873332043, -27.453085046753756 ] } },
{ "type": "Feature", "properties": { "scalerank": 0, "name": "Hobart", "latitude": -42.850009, "longitude": 147.295030 }, "geometry": { "type": "Point", "coordinates": [ 147.295029662260731, -42.850008525871147 ] } },
{ "type": "Feature", "properties": { "scalerank": 0, "name": "Perth", "latitude": -31.955015, "longitude": 115.839999 }, "geometry": { "type": "Point", "coordinates": [ 115.838052879042721, -31.953068770730169 ] } },
{ "type": "Feature", "properties": { "scalerank": 0, "name": "Melbourne", "latitude": -37.820031, "longitude": 144.975016 }, "geometry": { "type": "Point", "coordinates": [ 144.973070375904058, -37.818085453696312 ] } },
{ "type": "Feature", "properties": { "scalerank": 0, "name": "Sydney", "latitude": -33.920011, "longitude": 151.185180 }, "geometry": { "type": "Point", "coordinates": [ 151.183233950147496, -33.918065108628753 ] } }
]
}
